fips_code,county,state,sum,run_start_time
51550,Chesapeake,Virginia,14,2020-08-03 00:00:00
51710,Norfolk,Virginia,1,2020-08-03 00:00:00
51735,Poquoson,Virginia,5,2020-08-03 00:00:00
51740,Portsmouth,Virginia,121,2020-08-03 00:00:00
51810,Virginia Beach,Virginia,7,2020-08-03 00:00:00
51550,Chesapeake,Virginia,6,2020-08-03 00:15:00
51700,Newport News,Virginia,120,2020-08-03 00:15:00
51735,Poquoson,Virginia,5,2020-08-03 00:15:00
51740,Portsmouth,Virginia,121,2020-08-03 00:15:00
51810,Virginia Beach,Virginia,7,2020-08-03 00:15:00
51550,Chesapeake,Virginia,6,2020-08-03 00:30:00
51700,Newport News,Virginia,120,2020-08-03 00:30:00
51735,Poquoson,Virginia,5,2020-08-03 00:30:00
51740,Portsmouth,Virginia,121,2020-08-03 00:30:00
51810,Virginia Beach,Virginia,7,2020-08-03 00:30:00
51550,Chesapeake,Virginia,6,2020-08-03 00:45:00
51700,Newport News,Virginia,120,2020-08-03 00:45:00
51740,Portsmouth,Virginia,121,2020-08-03 00:45:00
51810,Virginia Beach,Virginia,6,2020-08-03 00:45:00
51550,Chesapeake,Virginia,6,2020-08-03 01:00:00
51700,Newport News,Virginia,120,2020-08-03 01:00:00
51740,Portsmouth,Virginia,121,2020-08-03 01:00:00
51810,Virginia Beach,Virginia,6,2020-08-03 01:00:00
51550,Chesapeake,Virginia,6,2020-08-03 01:15:00
51700,Newport News,Virginia,120,2020-08-03 01:15:00
51810,Virginia Beach,Virginia,6,2020-08-03 01:15:00
51550,Chesapeake,Virginia,6,2020-08-03 01:30:00
51700,Newport News,Virginia,120,2020-08-03 01:30:00
51810,Virginia Beach,Virginia,2,2020-08-03 01:30:00
51550,Chesapeake,Virginia,6,2020-08-03 01:45:00
51700,Newport News,Virginia,120,2020-08-03 01:45:00
51810,Virginia Beach,Virginia,2,2020-08-03 01:45:00
51550,Chesapeake,Virginia,6,2020-08-03 02:00:00
51700,Newport News,Virginia,120,2020-08-03 02:00:00
51710,Norfolk,Virginia,1,2020-08-03 02:00:00
51810,Virginia Beach,Virginia,2,2020-08-03 02:00:00
51550,Chesapeake,Virginia,6,2020-08-03 02:15:00
51700,Newport News,Virginia,120,2020-08-03 02:15:00
51710,Norfolk,Virginia,1,2020-08-03 02:15:00
51810,Virginia Beach,Virginia,2,2020-08-03 02:15:00
51550,Chesapeake,Virginia,6,2020-08-03 02:30:00
51700,Newport News,Virginia,120,2020-08-03 02:30:00
51710,Norfolk,Virginia,1,2020-08-03 02:30:00
51810,Virginia Beach,Virginia,1,2020-08-03 02:30:00
51550,Chesapeake,Virginia,6,2020-08-03 02:45:00
51710,Norfolk,Virginia,1,2020-08-03 02:45:00
51810,Virginia Beach,Virginia,1,2020-08-03 02:45:00
51550,Chesapeake,Virginia,7,2020-08-03 03:00:00
51710,Norfolk,Virginia,1,2020-08-03 03:00:00
51810,Virginia Beach,Virginia,1,2020-08-03 03:00:00
51550,Chesapeake,Virginia,7,2020-08-03 03:15:00
51710,Norfolk,Virginia,1,2020-08-03 03:15:00
51810,Virginia Beach,Virginia,1,2020-08-03 03:15:00
51550,Chesapeake,Virginia,7,2020-08-03 03:30:00
51710,Norfolk,Virginia,1,2020-08-03 03:30:00
51810,Virginia Beach,Virginia,1,2020-08-03 03:30:00
51550,Chesapeake,Virginia,7,2020-08-03 03:45:00
51710,Norfolk,Virginia,1,2020-08-03 03:45:00
51810,Virginia Beach,Virginia,1,2020-08-03 03:45:00
51550,Chesapeake,Virginia,1,2020-08-03 04:00:00
51710,Norfolk,Virginia,1,2020-08-03 04:00:00
51810,Virginia Beach,Virginia,1,2020-08-03 04:00:00
51550,Chesapeake,Virginia,1,2020-08-03 04:15:00
51710,Norfolk,Virginia,1,2020-08-03 04:15:00
51810,Virginia Beach,Virginia,1,2020-08-03 04:15:00
51550,Chesapeake,Virginia,1,2020-08-03 04:30:00
51710,Norfolk,Virginia,6,2020-08-03 04:30:00
51810,Virginia Beach,Virginia,8,2020-08-03 04:30:00
51550,Chesapeake,Virginia,1,2020-08-03 04:45:00
51710,Norfolk,Virginia,6,2020-08-03 04:45:00
51810,Virginia Beach,Virginia,8,2020-08-03 04:45:00
51550,Chesapeake,Virginia,1,2020-08-03 05:00:00
51710,Norfolk,Virginia,138,2020-08-03 05:00:00
51810,Virginia Beach,Virginia,3403,2020-08-03 05:00:00
51550,Chesapeake,Virginia,1,2020-08-03 05:15:00
51710,Norfolk,Virginia,46,2020-08-03 05:15:00
51810,Virginia Beach,Virginia,257,2020-08-03 05:15:00
51550,Chesapeake,Virginia,1,2020-08-03 05:30:00
51710,Norfolk,Virginia,1,2020-08-03 05:30:00
51810,Virginia Beach,Virginia,4,2020-08-03 05:30:00
51550,Chesapeake,Virginia,1,2020-08-03 05:45:00
51810,Virginia Beach,Virginia,10,2020-08-03 05:45:00
51810,Virginia Beach,Virginia,9,2020-08-03 06:00:00
51810,Virginia Beach,Virginia,9,2020-08-03 06:15:00
51810,Virginia Beach,Virginia,9,2020-08-03 06:30:00
51810,Virginia Beach,Virginia,9,2020-08-03 06:45:00
51810,Virginia Beach,Virginia,9,2020-08-03 07:00:00
51810,Virginia Beach,Virginia,9,2020-08-03 07:15:00
51810,Virginia Beach,Virginia,9,2020-08-03 07:30:00
51810,Virginia Beach,Virginia,8,2020-08-03 07:45:00
51710,Norfolk,Virginia,1,2020-08-03 08:00:00
51810,Virginia Beach,Virginia,8,2020-08-03 08:00:00
51710,Norfolk,Virginia,1,2020-08-03 08:15:00
51810,Virginia Beach,Virginia,8,2020-08-03 08:15:00
51710,Norfolk,Virginia,1,2020-08-03 08:30:00
51810,Virginia Beach,Virginia,8,2020-08-03 08:30:00
51710,Norfolk,Virginia,1,2020-08-03 08:45:00
51810,Virginia Beach,Virginia,8,2020-08-03 08:45:00
51810,Virginia Beach,Virginia,8,2020-08-03 09:00:00
51810,Virginia Beach,Virginia,85,2020-08-03 09:15:00
51810,Virginia Beach,Virginia,342,2020-08-03 09:30:00
51810,Virginia Beach,Virginia,342,2020-08-03 09:45:00
51810,Virginia Beach,Virginia,170,2020-08-03 10:00:00
51810,Virginia Beach,Virginia,14,2020-08-03 10:15:00
51550,Chesapeake,Virginia,1,2020-08-03 10:30:00
51810,Virginia Beach,Virginia,4,2020-08-03 10:30:00
51550,Chesapeake,Virginia,1,2020-08-03 10:45:00
51810,Virginia Beach,Virginia,4,2020-08-03 10:45:00
51550,Chesapeake,Virginia,1,2020-08-03 11:00:00
51800,Suffolk,Virginia,2,2020-08-03 11:00:00
51810,Virginia Beach,Virginia,4,2020-08-03 11:00:00
51550,Chesapeake,Virginia,1,2020-08-03 11:15:00
51710,Norfolk,Virginia,1,2020-08-03 11:15:00
51800,Suffolk,Virginia,2,2020-08-03 11:15:00
51810,Virginia Beach,Virginia,4,2020-08-03 11:15:00
51550,Chesapeake,Virginia,3,2020-08-03 11:30:00
51710,Norfolk,Virginia,1,2020-08-03 11:30:00
51800,Suffolk,Virginia,3,2020-08-03 11:30:00
51810,Virginia Beach,Virginia,4,2020-08-03 11:30:00
51550,Chesapeake,Virginia,3,2020-08-03 11:45:00
51710,Norfolk,Virginia,1,2020-08-03 11:45:00
51800,Suffolk,Virginia,4,2020-08-03 11:45:00
51810,Virginia Beach,Virginia,4,2020-08-03 11:45:00
51550,Chesapeake,Virginia,4,2020-08-03 12:00:00
51700,Newport News,Virginia,6,2020-08-03 12:00:00
51710,Norfolk,Virginia,1,2020-08-03 12:00:00
51800,Suffolk,Virginia,4,2020-08-03 12:00:00
51810,Virginia Beach,Virginia,4,2020-08-03 12:00:00
51550,Chesapeake,Virginia,4,2020-08-03 12:15:00
51650,Hampton,Virginia,1,2020-08-03 12:15:00
51700,Newport News,Virginia,6,2020-08-03 12:15:00
51710,Norfolk,Virginia,1,2020-08-03 12:15:00
51800,Suffolk,Virginia,4,2020-08-03 12:15:00
51810,Virginia Beach,Virginia,4,2020-08-03 12:15:00
51550,Chesapeake,Virginia,9,2020-08-03 12:30:00
51650,Hampton,Virginia,6,2020-08-03 12:30:00
51700,Newport News,Virginia,6,2020-08-03 12:30:00
51710,Norfolk,Virginia,2,2020-08-03 12:30:00
51800,Suffolk,Virginia,2,2020-08-03 12:30:00
51810,Virginia Beach,Virginia,3,2020-08-03 12:30:00
51550,Chesapeake,Virginia,12,2020-08-03 12:45:00
51650,Hampton,Virginia,6,2020-08-03 12:45:00
51700,Newport News,Virginia,6,2020-08-03 12:45:00
51710,Norfolk,Virginia,2,2020-08-03 12:45:00
51800,Suffolk,Virginia,2,2020-08-03 12:45:00
51810,Virginia Beach,Virginia,7,2020-08-03 12:45:00
51550,Chesapeake,Virginia,13,2020-08-03 13:00:00
51650,Hampton,Virginia,6,2020-08-03 13:00:00
51700,Newport News,Virginia,6,2020-08-03 13:00:00
51710,Norfolk,Virginia,2,2020-08-03 13:00:00
51800,Suffolk,Virginia,3,2020-08-03 13:00:00
51810,Virginia Beach,Virginia,13,2020-08-03 13:00:00
51550,Chesapeake,Virginia,11,2020-08-03 13:15:00
51650,Hampton,Virginia,6,2020-08-03 13:15:00
51700,Newport News,Virginia,6,2020-08-03 13:15:00
51710,Norfolk,Virginia,2,2020-08-03 13:15:00
51800,Suffolk,Virginia,3,2020-08-03 13:15:00
51810,Virginia Beach,Virginia,13,2020-08-03 13:15:00
51550,Chesapeake,Virginia,11,2020-08-03 13:30:00
51650,Hampton,Virginia,6,2020-08-03 13:30:00
51700,Newport News,Virginia,6,2020-08-03 13:30:00
51710,Norfolk,Virginia,37,2020-08-03 13:30:00
51800,Suffolk,Virginia,3,2020-08-03 13:30:00
51810,Virginia Beach,Virginia,14,2020-08-03 13:30:00
51550,Chesapeake,Virginia,18,2020-08-03 13:45:00
51650,Hampton,Virginia,6,2020-08-03 13:45:00
51700,Newport News,Virginia,6,2020-08-03 13:45:00
51710,Norfolk,Virginia,45,2020-08-03 13:45:00
51800,Suffolk,Virginia,3,2020-08-03 13:45:00
51810,Virginia Beach,Virginia,9,2020-08-03 13:45:00
51550,Chesapeake,Virginia,18,2020-08-03 14:00:00
51650,Hampton,Virginia,6,2020-08-03 14:00:00
51700,Newport News,Virginia,6,2020-08-03 14:00:00
51710,Norfolk,Virginia,37,2020-08-03 14:00:00
51800,Suffolk,Virginia,3,2020-08-03 14:00:00
51810,Virginia Beach,Virginia,8,2020-08-03 14:00:00
51550,Chesapeake,Virginia,17,2020-08-03 14:15:00
51650,Hampton,Virginia,6,2020-08-03 14:15:00
51700,Newport News,Virginia,6,2020-08-03 14:15:00
51710,Norfolk,Virginia,37,2020-08-03 14:15:00
51800,Suffolk,Virginia,5,2020-08-03 14:15:00
51810,Virginia Beach,Virginia,8,2020-08-03 14:15:00
51550,Chesapeake,Virginia,17,2020-08-03 14:30:00
51650,Hampton,Virginia,1,2020-08-03 14:30:00
51700,Newport News,Virginia,6,2020-08-03 14:30:00
51710,Norfolk,Virginia,52,2020-08-03 14:30:00
51800,Suffolk,Virginia,3,2020-08-03 14:30:00
51810,Virginia Beach,Virginia,8,2020-08-03 14:30:00
51550,Chesapeake,Virginia,18,2020-08-03 14:45:00
51650,Hampton,Virginia,1,2020-08-03 14:45:00
51700,Newport News,Virginia,6,2020-08-03 14:45:00
51710,Norfolk,Virginia,9,2020-08-03 14:45:00
51800,Suffolk,Virginia,2,2020-08-03 14:45:00
51810,Virginia Beach,Virginia,13,2020-08-03 14:45:00
51550,Chesapeake,Virginia,18,2020-08-03 15:00:00
51650,Hampton,Virginia,1,2020-08-03 15:00:00
51700,Newport News,Virginia,6,2020-08-03 15:00:00
51710,Norfolk,Virginia,10,2020-08-03 15:00:00
51800,Suffolk,Virginia,2,2020-08-03 15:00:00
51810,Virginia Beach,Virginia,13,2020-08-03 15:00:00
51550,Chesapeake,Virginia,11,2020-08-03 15:15:00
51650,Hampton,Virginia,1,2020-08-03 15:15:00
51710,Norfolk,Virginia,1,2020-08-03 15:15:00
51800,Suffolk,Virginia,2,2020-08-03 15:15:00
51810,Virginia Beach,Virginia,13,2020-08-03 15:15:00
51550,Chesapeake,Virginia,1,2020-08-03 15:30:00
51800,Suffolk,Virginia,2,2020-08-03 15:30:00
51810,Virginia Beach,Virginia,13,2020-08-03 15:30:00
51550,Chesapeake,Virginia,1,2020-08-03 15:45:00
51800,Suffolk,Virginia,7,2020-08-03 15:45:00
51810,Virginia Beach,Virginia,7,2020-08-03 15:45:00
51550,Chesapeake,Virginia,1,2020-08-03 16:00:00
51710,Norfolk,Virginia,1,2020-08-03 16:00:00
51740,Portsmouth,Virginia,13,2020-08-03 16:00:00
51800,Suffolk,Virginia,2,2020-08-03 16:00:00
51810,Virginia Beach,Virginia,1,2020-08-03 16:00:00
51550,Chesapeake,Virginia,1,2020-08-03 16:15:00
51710,Norfolk,Virginia,1,2020-08-03 16:15:00
51740,Portsmouth,Virginia,13,2020-08-03 16:15:00
51800,Suffolk,Virginia,2,2020-08-03 16:15:00
51810,Virginia Beach,Virginia,2,2020-08-03 16:15:00
51550,Chesapeake,Virginia,3,2020-08-03 16:30:00
51650,Hampton,Virginia,1,2020-08-03 16:30:00
51710,Norfolk,Virginia,1,2020-08-03 16:30:00
51740,Portsmouth,Virginia,13,2020-08-03 16:30:00
51800,Suffolk,Virginia,2,2020-08-03 16:30:00
51810,Virginia Beach,Virginia,8,2020-08-03 16:30:00
51550,Chesapeake,Virginia,2,2020-08-03 16:45:00
51650,Hampton,Virginia,1,2020-08-03 16:45:00
51710,Norfolk,Virginia,1,2020-08-03 16:45:00
51800,Suffolk,Virginia,2,2020-08-03 16:45:00
51810,Virginia Beach,Virginia,3,2020-08-03 16:45:00
51550,Chesapeake,Virginia,2,2020-08-03 17:00:00
51650,Hampton,Virginia,1,2020-08-03 17:00:00
51710,Norfolk,Virginia,2,2020-08-03 17:00:00
51800,Suffolk,Virginia,2,2020-08-03 17:00:00
51810,Virginia Beach,Virginia,11,2020-08-03 17:00:00
51550,Chesapeake,Virginia,2,2020-08-03 17:15:00
51650,Hampton,Virginia,1,2020-08-03 17:15:00
51710,Norfolk,Virginia,2,2020-08-03 17:15:00
51800,Suffolk,Virginia,2,2020-08-03 17:15:00
51810,Virginia Beach,Virginia,11,2020-08-03 17:15:00
51550,Chesapeake,Virginia,1,2020-08-03 17:30:00
51650,Hampton,Virginia,40,2020-08-03 17:30:00
51700,Newport News,Virginia,7,2020-08-03 17:30:00
51710,Norfolk,Virginia,2,2020-08-03 17:30:00
51800,Suffolk,Virginia,7,2020-08-03 17:30:00
51810,Virginia Beach,Virginia,3,2020-08-03 17:30:00
51550,Chesapeake,Virginia,1,2020-08-03 17:45:00
51650,Hampton,Virginia,40,2020-08-03 17:45:00
51700,Newport News,Virginia,1,2020-08-03 17:45:00
51710,Norfolk,Virginia,2,2020-08-03 17:45:00
51800,Suffolk,Virginia,7,2020-08-03 17:45:00
51810,Virginia Beach,Virginia,3,2020-08-03 17:45:00
51550,Chesapeake,Virginia,1,2020-08-03 18:00:00
51650,Hampton,Virginia,40,2020-08-03 18:00:00
51700,Newport News,Virginia,1,2020-08-03 18:00:00
51710,Norfolk,Virginia,1,2020-08-03 18:00:00
51800,Suffolk,Virginia,7,2020-08-03 18:00:00
51810,Virginia Beach,Virginia,3,2020-08-03 18:00:00
51550,Chesapeake,Virginia,1,2020-08-03 18:15:00
51650,Hampton,Virginia,40,2020-08-03 18:15:00
51700,Newport News,Virginia,2,2020-08-03 18:15:00
51800,Suffolk,Virginia,12,2020-08-03 18:15:00
51810,Virginia Beach,Virginia,2,2020-08-03 18:15:00
51550,Chesapeake,Virginia,1,2020-08-03 18:30:00
51650,Hampton,Virginia,40,2020-08-03 18:30:00
51700,Newport News,Virginia,2,2020-08-03 18:30:00
51800,Suffolk,Virginia,12,2020-08-03 18:30:00
51810,Virginia Beach,Virginia,2,2020-08-03 18:30:00
51550,Chesapeake,Virginia,1,2020-08-03 18:45:00
51650,Hampton,Virginia,40,2020-08-03 18:45:00
51700,Newport News,Virginia,61,2020-08-03 18:45:00
51800,Suffolk,Virginia,12,2020-08-03 18:45:00
51810,Virginia Beach,Virginia,2,2020-08-03 18:45:00
51550,Chesapeake,Virginia,1,2020-08-03 19:00:00
51650,Hampton,Virginia,40,2020-08-03 19:00:00
51700,Newport News,Virginia,59,2020-08-03 19:00:00
51800,Suffolk,Virginia,12,2020-08-03 19:00:00
51810,Virginia Beach,Virginia,2,2020-08-03 19:00:00
51550,Chesapeake,Virginia,1,2020-08-03 19:15:00
51650,Hampton,Virginia,40,2020-08-03 19:15:00
51700,Newport News,Virginia,59,2020-08-03 19:15:00
51800,Suffolk,Virginia,12,2020-08-03 19:15:00
51810,Virginia Beach,Virginia,2,2020-08-03 19:15:00
51550,Chesapeake,Virginia,1,2020-08-03 19:30:00
51650,Hampton,Virginia,40,2020-08-03 19:30:00
51710,Norfolk,Virginia,109,2020-08-03 19:30:00
51800,Suffolk,Virginia,12,2020-08-03 19:30:00
51810,Virginia Beach,Virginia,2,2020-08-03 19:30:00
51650,Hampton,Virginia,1,2020-08-03 19:45:00
51800,Suffolk,Virginia,12,2020-08-03 19:45:00
51810,Virginia Beach,Virginia,2,2020-08-03 19:45:00
51550,Chesapeake,Virginia,1,2020-08-03 20:00:00
51650,Hampton,Virginia,1,2020-08-03 20:00:00
51700,Newport News,Virginia,1,2020-08-03 20:00:00
51800,Suffolk,Virginia,18,2020-08-03 20:00:00
51810,Virginia Beach,Virginia,2,2020-08-03 20:00:00
51550,Chesapeake,Virginia,1,2020-08-03 20:15:00
51650,Hampton,Virginia,1,2020-08-03 20:15:00
51700,Newport News,Virginia,8,2020-08-03 20:15:00
51800,Suffolk,Virginia,18,2020-08-03 20:15:00
51810,Virginia Beach,Virginia,1,2020-08-03 20:15:00
51550,Chesapeake,Virginia,1,2020-08-03 20:30:00
51650,Hampton,Virginia,2,2020-08-03 20:30:00
51700,Newport News,Virginia,8,2020-08-03 20:30:00
51800,Suffolk,Virginia,18,2020-08-03 20:30:00
51810,Virginia Beach,Virginia,1,2020-08-03 20:30:00
51550,Chesapeake,Virginia,1,2020-08-03 20:45:00
51650,Hampton,Virginia,2,2020-08-03 20:45:00
51700,Newport News,Virginia,2,2020-08-03 20:45:00
51800,Suffolk,Virginia,18,2020-08-03 20:45:00
51810,Virginia Beach,Virginia,1,2020-08-03 20:45:00
51550,Chesapeake,Virginia,1,2020-08-03 21:00:00
51650,Hampton,Virginia,3,2020-08-03 21:00:00
51700,Newport News,Virginia,1,2020-08-03 21:00:00
51800,Suffolk,Virginia,18,2020-08-03 21:00:00
51810,Virginia Beach,Virginia,1,2020-08-03 21:00:00
51650,Hampton,Virginia,3,2020-08-03 21:15:00
51700,Newport News,Virginia,1,2020-08-03 21:15:00
51800,Suffolk,Virginia,18,2020-08-03 21:15:00
51810,Virginia Beach,Virginia,1,2020-08-03 21:15:00
51650,Hampton,Virginia,3,2020-08-03 21:30:00
51700,Newport News,Virginia,1,2020-08-03 21:30:00
51800,Suffolk,Virginia,18,2020-08-03 21:30:00
51810,Virginia Beach,Virginia,1,2020-08-03 21:30:00
51650,Hampton,Virginia,3,2020-08-03 21:45:00
51700,Newport News,Virginia,1,2020-08-03 21:45:00
51800,Suffolk,Virginia,17,2020-08-03 21:45:00
51810,Virginia Beach,Virginia,1,2020-08-03 21:45:00
51650,Hampton,Virginia,8,2020-08-03 22:00:00
51700,Newport News,Virginia,1,2020-08-03 22:00:00
51800,Suffolk,Virginia,16,2020-08-03 22:00:00
51810,Virginia Beach,Virginia,1,2020-08-03 22:00:00
51650,Hampton,Virginia,8,2020-08-03 22:15:00
51700,Newport News,Virginia,1,2020-08-03 22:15:00
51740,Portsmouth,Virginia,1,2020-08-03 22:15:00
51800,Suffolk,Virginia,17,2020-08-03 22:15:00
51810,Virginia Beach,Virginia,6,2020-08-03 22:15:00
51650,Hampton,Virginia,8,2020-08-03 22:30:00
51700,Newport News,Virginia,1,2020-08-03 22:30:00
51740,Portsmouth,Virginia,1,2020-08-03 22:30:00
51800,Suffolk,Virginia,17,2020-08-03 22:30:00
51810,Virginia Beach,Virginia,6,2020-08-03 22:30:00
51650,Hampton,Virginia,8,2020-08-03 22:45:00
51700,Newport News,Virginia,1,2020-08-03 22:45:00
51740,Portsmouth,Virginia,1,2020-08-03 22:45:00
51800,Suffolk,Virginia,11,2020-08-03 22:45:00
51810,Virginia Beach,Virginia,6,2020-08-03 22:45:00
51650,Hampton,Virginia,8,2020-08-03 23:00:00
51700,Newport News,Virginia,1,2020-08-03 23:00:00
51740,Portsmouth,Virginia,1,2020-08-03 23:00:00
51800,Suffolk,Virginia,11,2020-08-03 23:00:00
51810,Virginia Beach,Virginia,6,2020-08-03 23:00:00
51650,Hampton,Virginia,7,2020-08-03 23:15:00
51700,Newport News,Virginia,1,2020-08-03 23:15:00
51740,Portsmouth,Virginia,1,2020-08-03 23:15:00
51800,Suffolk,Virginia,11,2020-08-03 23:15:00
51810,Virginia Beach,Virginia,6,2020-08-03 23:15:00
51650,Hampton,Virginia,7,2020-08-03 23:30:00
51700,Newport News,Virginia,1,2020-08-03 23:30:00
51800,Suffolk,Virginia,11,2020-08-03 23:30:00
51810,Virginia Beach,Virginia,6,2020-08-03 23:30:00
51650,Hampton,Virginia,7,2020-08-03 23:45:00
51700,Newport News,Virginia,1,2020-08-03 23:45:00
51800,Suffolk,Virginia,11,2020-08-03 23:45:00
51810,Virginia Beach,Virginia,6,2020-08-03 23:45:00
51650,Hampton,Virginia,7,2020-08-04 00:00:00
51700,Newport News,Virginia,1,2020-08-04 00:00:00
51650,Hampton,Virginia,8,2020-08-04 00:15:00
51700,Newport News,Virginia,1,2020-08-04 00:15:00
51650,Hampton,Virginia,7,2020-08-04 00:30:00
51700,Newport News,Virginia,1,2020-08-04 00:30:00
51810,Virginia Beach,Virginia,1,2020-08-04 00:30:00
51650,Hampton,Virginia,8,2020-08-04 00:45:00
51700,Newport News,Virginia,1,2020-08-04 00:45:00
51650,Hampton,Virginia,8,2020-08-04 01:00:00
51700,Newport News,Virginia,1,2020-08-04 01:00:00
51650,Hampton,Virginia,8,2020-08-04 01:15:00
51700,Newport News,Virginia,1,2020-08-04 01:15:00
51650,Hampton,Virginia,7,2020-08-04 01:30:00
51700,Newport News,Virginia,1,2020-08-04 01:30:00
51650,Hampton,Virginia,2,2020-08-04 01:45:00
51700,Newport News,Virginia,1,2020-08-04 01:45:00
51650,Hampton,Virginia,2,2020-08-04 02:00:00
51700,Newport News,Virginia,1,2020-08-04 02:00:00
51650,Hampton,Virginia,2,2020-08-04 02:15:00
51700,Newport News,Virginia,1,2020-08-04 02:15:00
51650,Hampton,Virginia,2,2020-08-04 02:30:00
51700,Newport News,Virginia,1,2020-08-04 02:30:00
51810,Virginia Beach,Virginia,1,2020-08-04 02:30:00
51650,Hampton,Virginia,2,2020-08-04 02:45:00
51700,Newport News,Virginia,1,2020-08-04 02:45:00
51810,Virginia Beach,Virginia,1,2020-08-04 02:45:00
51650,Hampton,Virginia,2,2020-08-04 03:00:00
51700,Newport News,Virginia,1,2020-08-04 03:00:00
51740,Portsmouth,Virginia,1,2020-08-04 03:00:00
51810,Virginia Beach,Virginia,1,2020-08-04 03:00:00
51650,Hampton,Virginia,2,2020-08-04 03:15:00
51700,Newport News,Virginia,1,2020-08-04 03:15:00
51740,Portsmouth,Virginia,1,2020-08-04 03:15:00
51810,Virginia Beach,Virginia,1,2020-08-04 03:15:00
51650,Hampton,Virginia,2,2020-08-04 03:30:00
51700,Newport News,Virginia,1,2020-08-04 03:30:00
51740,Portsmouth,Virginia,1,2020-08-04 03:30:00
51810,Virginia Beach,Virginia,16,2020-08-04 03:30:00
51650,Hampton,Virginia,2,2020-08-04 03:45:00
51700,Newport News,Virginia,1,2020-08-04 03:45:00
51740,Portsmouth,Virginia,2,2020-08-04 03:45:00
51810,Virginia Beach,Virginia,16,2020-08-04 03:45:00
51650,Hampton,Virginia,2,2020-08-04 04:00:00
51700,Newport News,Virginia,1,2020-08-04 04:00:00
51710,Norfolk,Virginia,73,2020-08-04 04:00:00
51740,Portsmouth,Virginia,2,2020-08-04 04:00:00
51810,Virginia Beach,Virginia,16,2020-08-04 04:00:00
51650,Hampton,Virginia,2,2020-08-04 04:15:00
51700,Newport News,Virginia,116,2020-08-04 04:15:00
51740,Portsmouth,Virginia,2,2020-08-04 04:15:00
51810,Virginia Beach,Virginia,16,2020-08-04 04:15:00
51650,Hampton,Virginia,2,2020-08-04 04:30:00
51700,Newport News,Virginia,116,2020-08-04 04:30:00
51740,Portsmouth,Virginia,2,2020-08-04 04:30:00
51810,Virginia Beach,Virginia,16,2020-08-04 04:30:00
51650,Hampton,Virginia,2,2020-08-04 04:45:00
51700,Newport News,Virginia,116,2020-08-04 04:45:00
51740,Portsmouth,Virginia,2,2020-08-04 04:45:00
51810,Virginia Beach,Virginia,16,2020-08-04 04:45:00
51650,Hampton,Virginia,2,2020-08-04 05:00:00
51700,Newport News,Virginia,116,2020-08-04 05:00:00
51740,Portsmouth,Virginia,1,2020-08-04 05:00:00
51810,Virginia Beach,Virginia,1,2020-08-04 05:00:00
51650,Hampton,Virginia,2,2020-08-04 05:15:00
51700,Newport News,Virginia,116,2020-08-04 05:15:00
51740,Portsmouth,Virginia,1,2020-08-04 05:15:00
51800,Suffolk,Virginia,1,2020-08-04 05:15:00
51810,Virginia Beach,Virginia,1,2020-08-04 05:15:00
51650,Hampton,Virginia,2,2020-08-04 05:30:00
51700,Newport News,Virginia,116,2020-08-04 05:30:00
51740,Portsmouth,Virginia,1,2020-08-04 05:30:00
51800,Suffolk,Virginia,1,2020-08-04 05:30:00
51810,Virginia Beach,Virginia,1,2020-08-04 05:30:00
51650,Hampton,Virginia,2,2020-08-04 05:45:00
51700,Newport News,Virginia,116,2020-08-04 05:45:00
51740,Portsmouth,Virginia,1,2020-08-04 05:45:00
51800,Suffolk,Virginia,1,2020-08-04 05:45:00
51810,Virginia Beach,Virginia,45,2020-08-04 05:45:00
51550,Chesapeake,Virginia,5,2020-08-04 06:00:00
51650,Hampton,Virginia,2,2020-08-04 06:00:00
51700,Newport News,Virginia,116,2020-08-04 06:00:00
51740,Portsmouth,Virginia,1,2020-08-04 06:00:00
51800,Suffolk,Virginia,1,2020-08-04 06:00:00
51810,Virginia Beach,Virginia,45,2020-08-04 06:00:00
51650,Hampton,Virginia,75,2020-08-04 06:15:00
51700,Newport News,Virginia,116,2020-08-04 06:15:00
51800,Suffolk,Virginia,1,2020-08-04 06:15:00
51810,Virginia Beach,Virginia,46,2020-08-04 06:15:00
51650,Hampton,Virginia,81,2020-08-04 06:30:00
51700,Newport News,Virginia,116,2020-08-04 06:30:00
51800,Suffolk,Virginia,1,2020-08-04 06:30:00
51810,Virginia Beach,Virginia,138,2020-08-04 06:30:00
51650,Hampton,Virginia,176,2020-08-04 06:45:00
51700,Newport News,Virginia,116,2020-08-04 06:45:00
51800,Suffolk,Virginia,1,2020-08-04 06:45:00
51810,Virginia Beach,Virginia,138,2020-08-04 06:45:00
51550,Chesapeake,Virginia,5,2020-08-04 07:00:00
51650,Hampton,Virginia,176,2020-08-04 07:00:00
51700,Newport News,Virginia,7,2020-08-04 07:00:00
51800,Suffolk,Virginia,1,2020-08-04 07:00:00
51810,Virginia Beach,Virginia,138,2020-08-04 07:00:00
51550,Chesapeake,Virginia,5,2020-08-04 07:15:00
51650,Hampton,Virginia,185,2020-08-04 07:15:00
51700,Newport News,Virginia,7,2020-08-04 07:15:00
51800,Suffolk,Virginia,1,2020-08-04 07:15:00
51810,Virginia Beach,Virginia,132,2020-08-04 07:15:00
51550,Chesapeake,Virginia,5,2020-08-04 07:30:00
51650,Hampton,Virginia,185,2020-08-04 07:30:00
51700,Newport News,Virginia,1,2020-08-04 07:30:00
51800,Suffolk,Virginia,1,2020-08-04 07:30:00
51810,Virginia Beach,Virginia,157,2020-08-04 07:30:00
51550,Chesapeake,Virginia,5,2020-08-04 07:45:00
51650,Hampton,Virginia,185,2020-08-04 07:45:00
51700,Newport News,Virginia,1,2020-08-04 07:45:00
51740,Portsmouth,Virginia,11,2020-08-04 07:45:00
51800,Suffolk,Virginia,4722,2020-08-04 07:45:00
51810,Virginia Beach,Virginia,157,2020-08-04 07:45:00
51550,Chesapeake,Virginia,5,2020-08-04 08:00:00
51650,Hampton,Virginia,185,2020-08-04 08:00:00
51700,Newport News,Virginia,1,2020-08-04 08:00:00
51740,Portsmouth,Virginia,11,2020-08-04 08:00:00
51800,Suffolk,Virginia,5331,2020-08-04 08:00:00
51810,Virginia Beach,Virginia,159,2020-08-04 08:00:00
51650,Hampton,Virginia,185,2020-08-04 08:15:00
51700,Newport News,Virginia,1,2020-08-04 08:15:00
51740,Portsmouth,Virginia,22,2020-08-04 08:15:00
51800,Suffolk,Virginia,5483,2020-08-04 08:15:00
51810,Virginia Beach,Virginia,160,2020-08-04 08:15:00
51550,Chesapeake,Virginia,482,2020-08-04 08:30:00
51650,Hampton,Virginia,271,2020-08-04 08:30:00
51700,Newport News,Virginia,51,2020-08-04 08:30:00
51710,Norfolk,Virginia,939,2020-08-04 08:30:00
51740,Portsmouth,Virginia,179,2020-08-04 08:30:00
51800,Suffolk,Virginia,7318,2020-08-04 08:30:00
51810,Virginia Beach,Virginia,181,2020-08-04 08:30:00
51550,Chesapeake,Virginia,3837,2020-08-04 08:45:00
51650,Hampton,Virginia,109,2020-08-04 08:45:00
51700,Newport News,Virginia,194,2020-08-04 08:45:00
51710,Norfolk,Virginia,982,2020-08-04 08:45:00
51740,Portsmouth,Virginia,189,2020-08-04 08:45:00
51800,Suffolk,Virginia,7740,2020-08-04 08:45:00
51810,Virginia Beach,Virginia,5383,2020-08-04 08:45:00
51550,Chesapeake,Virginia,6863,2020-08-04 09:00:00
51650,Hampton,Virginia,2763,2020-08-04 09:00:00
51700,Newport News,Virginia,6284,2020-08-04 09:00:00
51710,Norfolk,Virginia,8839,2020-08-04 09:00:00
51735,Poquoson,Virginia,7,2020-08-04 09:00:00
51740,Portsmouth,Virginia,1498,2020-08-04 09:00:00
51800,Suffolk,Virginia,7748,2020-08-04 09:00:00
51810,Virginia Beach,Virginia,6080,2020-08-04 09:00:00
51550,Chesapeake,Virginia,6871,2020-08-04 09:15:00
51650,Hampton,Virginia,5596,2020-08-04 09:15:00
51700,Newport News,Virginia,8750,2020-08-04 09:15:00
51710,Norfolk,Virginia,8972,2020-08-04 09:15:00
51735,Poquoson,Virginia,9,2020-08-04 09:15:00
51740,Portsmouth,Virginia,1511,2020-08-04 09:15:00
51800,Suffolk,Virginia,7761,2020-08-04 09:15:00
51810,Virginia Beach,Virginia,6302,2020-08-04 09:15:00
51550,Chesapeake,Virginia,7217,2020-08-04 09:30:00
51650,Hampton,Virginia,5617,2020-08-04 09:30:00
51700,Newport News,Virginia,8764,2020-08-04 09:30:00
51710,Norfolk,Virginia,8978,2020-08-04 09:30:00
51735,Poquoson,Virginia,138,2020-08-04 09:30:00
51740,Portsmouth,Virginia,1511,2020-08-04 09:30:00
51800,Suffolk,Virginia,7812,2020-08-04 09:30:00
51810,Virginia Beach,Virginia,8111,2020-08-04 09:30:00
51550,Chesapeake,Virginia,7184,2020-08-04 09:45:00
51650,Hampton,Virginia,5630,2020-08-04 09:45:00
51700,Newport News,Virginia,8881,2020-08-04 09:45:00
51710,Norfolk,Virginia,8988,2020-08-04 09:45:00
51735,Poquoson,Virginia,138,2020-08-04 09:45:00
51740,Portsmouth,Virginia,1512,2020-08-04 09:45:00
51800,Suffolk,Virginia,7812,2020-08-04 09:45:00
51810,Virginia Beach,Virginia,8156,2020-08-04 09:45:00
51550,Chesapeake,Virginia,8163,2020-08-04 10:00:00
51650,Hampton,Virginia,5667,2020-08-04 10:00:00
51700,Newport News,Virginia,8910,2020-08-04 10:00:00
51710,Norfolk,Virginia,9006,2020-08-04 10:00:00
51735,Poquoson,Virginia,138,2020-08-04 10:00:00
51740,Portsmouth,Virginia,1553,2020-08-04 10:00:00
51800,Suffolk,Virginia,8161,2020-08-04 10:00:00
51810,Virginia Beach,Virginia,8168,2020-08-04 10:00:00
51550,Chesapeake,Virginia,13242,2020-08-04 10:15:00
51650,Hampton,Virginia,7128,2020-08-04 10:15:00
51700,Newport News,Virginia,9269,2020-08-04 10:15:00
51710,Norfolk,Virginia,12453,2020-08-04 10:15:00
51735,Poquoson,Virginia,140,2020-08-04 10:15:00
51740,Portsmouth,Virginia,3138,2020-08-04 10:15:00
51800,Suffolk,Virginia,10092,2020-08-04 10:15:00
51810,Virginia Beach,Virginia,16334,2020-08-04 10:15:00
51550,Chesapeake,Virginia,22249,2020-08-04 10:30:00
51650,Hampton,Virginia,7706,2020-08-04 10:30:00
51700,Newport News,Virginia,6893,2020-08-04 10:30:00
51710,Norfolk,Virginia,17273,2020-08-04 10:30:00
51735,Poquoson,Virginia,140,2020-08-04 10:30:00
51740,Portsmouth,Virginia,5037,2020-08-04 10:30:00
51800,Suffolk,Virginia,11761,2020-08-04 10:30:00
51810,Virginia Beach,Virginia,18089,2020-08-04 10:30:00
51550,Chesapeake,Virginia,24483,2020-08-04 10:45:00
51650,Hampton,Virginia,6538,2020-08-04 10:45:00
51700,Newport News,Virginia,6773,2020-08-04 10:45:00
51710,Norfolk,Virginia,18140,2020-08-04 10:45:00
51735,Poquoson,Virginia,140,2020-08-04 10:45:00
51740,Portsmouth,Virginia,5989,2020-08-04 10:45:00
51800,Suffolk,Virginia,13423,2020-08-04 10:45:00
51810,Virginia Beach,Virginia,33915,2020-08-04 10:45:00
51550,Chesapeake,Virginia,28107,2020-08-04 11:00:00
51650,Hampton,Virginia,9873,2020-08-04 11:00:00
51700,Newport News,Virginia,17792,2020-08-04 11:00:00
51710,Norfolk,Virginia,18389,2020-08-04 11:00:00
51735,Poquoson,Virginia,175,2020-08-04 11:00:00
51740,Portsmouth,Virginia,6423,2020-08-04 11:00:00
51800,Suffolk,Virginia,13802,2020-08-04 11:00:00
51810,Virginia Beach,Virginia,33928,2020-08-04 11:00:00
51550,Chesapeake,Virginia,38233,2020-08-04 11:15:00
51650,Hampton,Virginia,12852,2020-08-04 11:15:00
51700,Newport News,Virginia,25775,2020-08-04 11:15:00
51710,Norfolk,Virginia,21869,2020-08-04 11:15:00
51735,Poquoson,Virginia,171,2020-08-04 11:15:00
51740,Portsmouth,Virginia,6806,2020-08-04 11:15:00
51800,Suffolk,Virginia,18618,2020-08-04 11:15:00
51810,Virginia Beach,Virginia,50623,2020-08-04 11:15:00
51550,Chesapeake,Virginia,43132,2020-08-04 11:30:00
51650,Hampton,Virginia,19655,2020-08-04 11:30:00
51700,Newport News,Virginia,29736,2020-08-04 11:30:00
51710,Norfolk,Virginia,24198,2020-08-04 11:30:00
51735,Poquoson,Virginia,2204,2020-08-04 11:30:00
51740,Portsmouth,Virginia,7812,2020-08-04 11:30:00
51800,Suffolk,Virginia,23477,2020-08-04 11:30:00
51810,Virginia Beach,Virginia,51836,2020-08-04 11:30:00
51550,Chesapeake,Virginia,43746,2020-08-04 11:45:00
51650,Hampton,Virginia,20638,2020-08-04 11:45:00
51700,Newport News,Virginia,28914,2020-08-04 11:45:00
51710,Norfolk,Virginia,28758,2020-08-04 11:45:00
51735,Poquoson,Virginia,2203,2020-08-04 11:45:00
51740,Portsmouth,Virginia,7994,2020-08-04 11:45:00
51800,Suffolk,Virginia,23559,2020-08-04 11:45:00
51810,Virginia Beach,Virginia,57300,2020-08-04 11:45:00
51550,Chesapeake,Virginia,50027,2020-08-04 12:00:00
51650,Hampton,Virginia,20910,2020-08-04 12:00:00
51700,Newport News,Virginia,31355,2020-08-04 12:00:00
51710,Norfolk,Virginia,31049,2020-08-04 12:00:00
51735,Poquoson,Virginia,2431,2020-08-04 12:00:00
51740,Portsmouth,Virginia,10951,2020-08-04 12:00:00
51800,Suffolk,Virginia,23649,2020-08-04 12:00:00
51810,Virginia Beach,Virginia,56846,2020-08-04 12:00:00
51550,Chesapeake,Virginia,52743,2020-08-04 12:15:00
51650,Hampton,Virginia,21043,2020-08-04 12:15:00
51700,Newport News,Virginia,31921,2020-08-04 12:15:00
51710,Norfolk,Virginia,32297,2020-08-04 12:15:00
51735,Poquoson,Virginia,2431,2020-08-04 12:15:00
51740,Portsmouth,Virginia,11631,2020-08-04 12:15:00
51800,Suffolk,Virginia,23402,2020-08-04 12:15:00
51810,Virginia Beach,Virginia,68144,2020-08-04 12:15:00
51550,Chesapeake,Virginia,54387,2020-08-04 12:30:00
51650,Hampton,Virginia,18309,2020-08-04 12:30:00
51700,Newport News,Virginia,32147,2020-08-04 12:30:00
51710,Norfolk,Virginia,30268,2020-08-04 12:30:00
51735,Poquoson,Virginia,2431,2020-08-04 12:30:00
51740,Portsmouth,Virginia,14361,2020-08-04 12:30:00
51800,Suffolk,Virginia,23591,2020-08-04 12:30:00
51810,Virginia Beach,Virginia,74009,2020-08-04 12:30:00
51550,Chesapeake,Virginia,56077,2020-08-04 12:45:00
51650,Hampton,Virginia,18616,2020-08-04 12:45:00
51700,Newport News,Virginia,32377,2020-08-04 12:45:00
51710,Norfolk,Virginia,32649,2020-08-04 12:45:00
51735,Poquoson,Virginia,3141,2020-08-04 12:45:00
51740,Portsmouth,Virginia,14382,2020-08-04 12:45:00
51800,Suffolk,Virginia,23621,2020-08-04 12:45:00
51810,Virginia Beach,Virginia,74643,2020-08-04 12:45:00
51550,Chesapeake,Virginia,57040,2020-08-04 13:00:00
51650,Hampton,Virginia,18670,2020-08-04 13:00:00
51700,Newport News,Virginia,32563,2020-08-04 13:00:00
51710,Norfolk,Virginia,33883,2020-08-04 13:00:00
51735,Poquoson,Virginia,3141,2020-08-04 13:00:00
51740,Portsmouth,Virginia,14428,2020-08-04 13:00:00
51800,Suffolk,Virginia,23637,2020-08-04 13:00:00
51810,Virginia Beach,Virginia,74967,2020-08-04 13:00:00
51550,Chesapeake,Virginia,57117,2020-08-04 13:15:00
51650,Hampton,Virginia,18785,2020-08-04 13:15:00
51700,Newport News,Virginia,32625,2020-08-04 13:15:00
51710,Norfolk,Virginia,33904,2020-08-04 13:15:00
51735,Poquoson,Virginia,3151,2020-08-04 13:15:00
51740,Portsmouth,Virginia,14506,2020-08-04 13:15:00
51800,Suffolk,Virginia,23562,2020-08-04 13:15:00
51810,Virginia Beach,Virginia,71339,2020-08-04 13:15:00
51550,Chesapeake,Virginia,57143,2020-08-04 13:30:00
51650,Hampton,Virginia,17747,2020-08-04 13:30:00
51700,Newport News,Virginia,30780,2020-08-04 13:30:00
51710,Norfolk,Virginia,33064,2020-08-04 13:30:00
51735,Poquoson,Virginia,3158,2020-08-04 13:30:00
51740,Portsmouth,Virginia,14542,2020-08-04 13:30:00
51800,Suffolk,Virginia,25144,2020-08-04 13:30:00
51810,Virginia Beach,Virginia,71909,2020-08-04 13:30:00
51550,Chesapeake,Virginia,55473,2020-08-04 13:45:00
51650,Hampton,Virginia,17987,2020-08-04 13:45:00
51700,Newport News,Virginia,30825,2020-08-04 13:45:00
51710,Norfolk,Virginia,33075,2020-08-04 13:45:00
51735,Poquoson,Virginia,3158,2020-08-04 13:45:00
51740,Portsmouth,Virginia,14663,2020-08-04 13:45:00
51800,Suffolk,Virginia,25153,2020-08-04 13:45:00
51810,Virginia Beach,Virginia,71837,2020-08-04 13:45:00
51550,Chesapeake,Virginia,54641,2020-08-04 14:00:00
51650,Hampton,Virginia,19291,2020-08-04 14:00:00
51700,Newport News,Virginia,30867,2020-08-04 14:00:00
51710,Norfolk,Virginia,30789,2020-08-04 14:00:00
51735,Poquoson,Virginia,3157,2020-08-04 14:00:00
51740,Portsmouth,Virginia,14658,2020-08-04 14:00:00
51800,Suffolk,Virginia,25212,2020-08-04 14:00:00
51810,Virginia Beach,Virginia,71912,2020-08-04 14:00:00
51550,Chesapeake,Virginia,54872,2020-08-04 14:15:00
51650,Hampton,Virginia,19496,2020-08-04 14:15:00
51700,Newport News,Virginia,30855,2020-08-04 14:15:00
51710,Norfolk,Virginia,27636,2020-08-04 14:15:00
51735,Poquoson,Virginia,3157,2020-08-04 14:15:00
51740,Portsmouth,Virginia,14667,2020-08-04 14:15:00
51800,Suffolk,Virginia,25033,2020-08-04 14:15:00
51810,Virginia Beach,Virginia,72299,2020-08-04 14:15:00
51550,Chesapeake,Virginia,54867,2020-08-04 14:30:00
51650,Hampton,Virginia,19894,2020-08-04 14:30:00
51700,Newport News,Virginia,31691,2020-08-04 14:30:00
51710,Norfolk,Virginia,25448,2020-08-04 14:30:00
51735,Poquoson,Virginia,3157,2020-08-04 14:30:00
51740,Portsmouth,Virginia,14672,2020-08-04 14:30:00
51800,Suffolk,Virginia,24215,2020-08-04 14:30:00
51810,Virginia Beach,Virginia,71061,2020-08-04 14:30:00
51550,Chesapeake,Virginia,54931,2020-08-04 14:45:00
51650,Hampton,Virginia,19930,2020-08-04 14:45:00
51700,Newport News,Virginia,31711,2020-08-04 14:45:00
51710,Norfolk,Virginia,25420,2020-08-04 14:45:00
51735,Poquoson,Virginia,3147,2020-08-04 14:45:00
51740,Portsmouth,Virginia,14724,2020-08-04 14:45:00
51800,Suffolk,Virginia,24224,2020-08-04 14:45:00
51810,Virginia Beach,Virginia,64198,2020-08-04 14:45:00
51550,Chesapeake,Virginia,54967,2020-08-04 15:00:00
51650,Hampton,Virginia,19917,2020-08-04 15:00:00
51700,Newport News,Virginia,29821,2020-08-04 15:00:00
51710,Norfolk,Virginia,25482,2020-08-04 15:00:00
51735,Poquoson,Virginia,3147,2020-08-04 15:00:00
51740,Portsmouth,Virginia,14724,2020-08-04 15:00:00
51800,Suffolk,Virginia,22831,2020-08-04 15:00:00
51810,Virginia Beach,Virginia,59364,2020-08-04 15:00:00
51550,Chesapeake,Virginia,55059,2020-08-04 15:15:00
51650,Hampton,Virginia,20443,2020-08-04 15:15:00
51700,Newport News,Virginia,29826,2020-08-04 15:15:00
51710,Norfolk,Virginia,25438,2020-08-04 15:15:00
51735,Poquoson,Virginia,3147,2020-08-04 15:15:00
51740,Portsmouth,Virginia,14751,2020-08-04 15:15:00
51800,Suffolk,Virginia,23319,2020-08-04 15:15:00
51810,Virginia Beach,Virginia,60101,2020-08-04 15:15:00
51550,Chesapeake,Virginia,55059,2020-08-04 15:30:00
51650,Hampton,Virginia,20449,2020-08-04 15:30:00
51700,Newport News,Virginia,29907,2020-08-04 15:30:00
51710,Norfolk,Virginia,22563,2020-08-04 15:30:00
51735,Poquoson,Virginia,3147,2020-08-04 15:30:00
51740,Portsmouth,Virginia,14751,2020-08-04 15:30:00
51800,Suffolk,Virginia,23334,2020-08-04 15:30:00
51810,Virginia Beach,Virginia,59814,2020-08-04 15:30:00
51550,Chesapeake,Virginia,54047,2020-08-04 15:45:00
51650,Hampton,Virginia,20540,2020-08-04 15:45:00
51700,Newport News,Virginia,29972,2020-08-04 15:45:00
51710,Norfolk,Virginia,21638,2020-08-04 15:45:00
51735,Poquoson,Virginia,3147,2020-08-04 15:45:00
51740,Portsmouth,Virginia,14756,2020-08-04 15:45:00
51800,Suffolk,Virginia,21558,2020-08-04 15:45:00
51810,Virginia Beach,Virginia,52649,2020-08-04 15:45:00
51550,Chesapeake,Virginia,54159,2020-08-04 16:00:00
51650,Hampton,Virginia,21636,2020-08-04 16:00:00
51700,Newport News,Virginia,28808,2020-08-04 16:00:00
51710,Norfolk,Virginia,21683,2020-08-04 16:00:00
51735,Poquoson,Virginia,3147,2020-08-04 16:00:00
51740,Portsmouth,Virginia,14756,2020-08-04 16:00:00
51800,Suffolk,Virginia,21568,2020-08-04 16:00:00
51810,Virginia Beach,Virginia,54594,2020-08-04 16:00:00
51550,Chesapeake,Virginia,50832,2020-08-04 16:15:00
51650,Hampton,Virginia,21673,2020-08-04 16:15:00
51700,Newport News,Virginia,28145,2020-08-04 16:15:00
51710,Norfolk,Virginia,20794,2020-08-04 16:15:00
51735,Poquoson,Virginia,3147,2020-08-04 16:15:00
51740,Portsmouth,Virginia,14768,2020-08-04 16:15:00
51800,Suffolk,Virginia,22424,2020-08-04 16:15:00
51810,Virginia Beach,Virginia,54485,2020-08-04 16:15:00
51550,Chesapeake,Virginia,50835,2020-08-04 16:30:00
51650,Hampton,Virginia,21672,2020-08-04 16:30:00
51700,Newport News,Virginia,26721,2020-08-04 16:30:00
51710,Norfolk,Virginia,20734,2020-08-04 16:30:00
51735,Poquoson,Virginia,3147,2020-08-04 16:30:00
51740,Portsmouth,Virginia,14772,2020-08-04 16:30:00
51800,Suffolk,Virginia,22233,2020-08-04 16:30:00
51810,Virginia Beach,Virginia,54495,2020-08-04 16:30:00
51550,Chesapeake,Virginia,50585,2020-08-04 16:45:00
51650,Hampton,Virginia,21283,2020-08-04 16:45:00
51700,Newport News,Virginia,26938,2020-08-04 16:45:00
51710,Norfolk,Virginia,20367,2020-08-04 16:45:00
51735,Poquoson,Virginia,3148,2020-08-04 16:45:00
51740,Portsmouth,Virginia,14777,2020-08-04 16:45:00
51800,Suffolk,Virginia,22232,2020-08-04 16:45:00
51810,Virginia Beach,Virginia,54560,2020-08-04 16:45:00
51550,Chesapeake,Virginia,42520,2020-08-04 17:00:00
51650,Hampton,Virginia,21300,2020-08-04 17:00:00
51700,Newport News,Virginia,26961,2020-08-04 17:00:00
51710,Norfolk,Virginia,21934,2020-08-04 17:00:00
51735,Poquoson,Virginia,3148,2020-08-04 17:00:00
51740,Portsmouth,Virginia,14800,2020-08-04 17:00:00
51800,Suffolk,Virginia,19800,2020-08-04 17:00:00
51810,Virginia Beach,Virginia,52856,2020-08-04 17:00:00
51550,Chesapeake,Virginia,41156,2020-08-04 17:15:00
51650,Hampton,Virginia,21274,2020-08-04 17:15:00
51700,Newport News,Virginia,26883,2020-08-04 17:15:00
51710,Norfolk,Virginia,22309,2020-08-04 17:15:00
51735,Poquoson,Virginia,3148,2020-08-04 17:15:00
51740,Portsmouth,Virginia,14837,2020-08-04 17:15:00
51800,Suffolk,Virginia,19384,2020-08-04 17:15:00
51810,Virginia Beach,Virginia,52808,2020-08-04 17:15:00
51550,Chesapeake,Virginia,39202,2020-08-04 17:30:00
51650,Hampton,Virginia,21209,2020-08-04 17:30:00
51700,Newport News,Virginia,26857,2020-08-04 17:30:00
51710,Norfolk,Virginia,19455,2020-08-04 17:30:00
51735,Poquoson,Virginia,3148,2020-08-04 17:30:00
51740,Portsmouth,Virginia,14870,2020-08-04 17:30:00
51800,Suffolk,Virginia,19493,2020-08-04 17:30:00
51810,Virginia Beach,Virginia,52327,2020-08-04 17:30:00
51550,Chesapeake,Virginia,38121,2020-08-04 17:45:00
51650,Hampton,Virginia,23760,2020-08-04 17:45:00
51700,Newport News,Virginia,26652,2020-08-04 17:45:00
51710,Norfolk,Virginia,19568,2020-08-04 17:45:00
51735,Poquoson,Virginia,3148,2020-08-04 17:45:00
51740,Portsmouth,Virginia,14863,2020-08-04 17:45:00
51800,Suffolk,Virginia,19449,2020-08-04 17:45:00
51810,Virginia Beach,Virginia,50934,2020-08-04 17:45:00
51550,Chesapeake,Virginia,38878,2020-08-04 18:00:00
51650,Hampton,Virginia,24593,2020-08-04 18:00:00
51700,Newport News,Virginia,26529,2020-08-04 18:00:00
51710,Norfolk,Virginia,16365,2020-08-04 18:00:00
51735,Poquoson,Virginia,3148,2020-08-04 18:00:00
51740,Portsmouth,Virginia,14859,2020-08-04 18:00:00
51800,Suffolk,Virginia,19446,2020-08-04 18:00:00
51810,Virginia Beach,Virginia,51325,2020-08-04 18:00:00
51550,Chesapeake,Virginia,37932,2020-08-04 18:15:00
51650,Hampton,Virginia,23090,2020-08-04 18:15:00
51700,Newport News,Virginia,27696,2020-08-04 18:15:00
51710,Norfolk,Virginia,15219,2020-08-04 18:15:00
51735,Poquoson,Virginia,3144,2020-08-04 18:15:00
51740,Portsmouth,Virginia,14872,2020-08-04 18:15:00
51800,Suffolk,Virginia,19329,2020-08-04 18:15:00
51810,Virginia Beach,Virginia,51030,2020-08-04 18:15:00
51550,Chesapeake,Virginia,39838,2020-08-04 18:30:00
51650,Hampton,Virginia,22094,2020-08-04 18:30:00
51700,Newport News,Virginia,27667,2020-08-04 18:30:00
51710,Norfolk,Virginia,14810,2020-08-04 18:30:00
51735,Poquoson,Virginia,3145,2020-08-04 18:30:00
51740,Portsmouth,Virginia,14369,2020-08-04 18:30:00
51800,Suffolk,Virginia,19313,2020-08-04 18:30:00
51810,Virginia Beach,Virginia,51402,2020-08-04 18:30:00
51550,Chesapeake,Virginia,36595,2020-08-04 18:45:00
51650,Hampton,Virginia,21859,2020-08-04 18:45:00
51700,Newport News,Virginia,26319,2020-08-04 18:45:00
51710,Norfolk,Virginia,13638,2020-08-04 18:45:00
51735,Poquoson,Virginia,3145,2020-08-04 18:45:00
51740,Portsmouth,Virginia,14354,2020-08-04 18:45:00
51800,Suffolk,Virginia,19366,2020-08-04 18:45:00
51810,Virginia Beach,Virginia,51422,2020-08-04 18:45:00
51550,Chesapeake,Virginia,35867,2020-08-04 19:00:00
51650,Hampton,Virginia,21791,2020-08-04 19:00:00
51700,Newport News,Virginia,20106,2020-08-04 19:00:00
51710,Norfolk,Virginia,12896,2020-08-04 19:00:00
51735,Poquoson,Virginia,1203,2020-08-04 19:00:00
51740,Portsmouth,Virginia,14352,2020-08-04 19:00:00
51800,Suffolk,Virginia,19372,2020-08-04 19:00:00
51810,Virginia Beach,Virginia,51781,2020-08-04 19:00:00
51550,Chesapeake,Virginia,35848,2020-08-04 19:15:00
51650,Hampton,Virginia,21788,2020-08-04 19:15:00
51700,Newport News,Virginia,22208,2020-08-04 19:15:00
51710,Norfolk,Virginia,13285,2020-08-04 19:15:00
51735,Poquoson,Virginia,1210,2020-08-04 19:15:00
51740,Portsmouth,Virginia,14363,2020-08-04 19:15:00
51800,Suffolk,Virginia,15803,2020-08-04 19:15:00
51810,Virginia Beach,Virginia,51806,2020-08-04 19:15:00
51550,Chesapeake,Virginia,34027,2020-08-04 19:30:00
51650,Hampton,Virginia,20190,2020-08-04 19:30:00
51700,Newport News,Virginia,22849,2020-08-04 19:30:00
51710,Norfolk,Virginia,12282,2020-08-04 19:30:00
51735,Poquoson,Virginia,3152,2020-08-04 19:30:00
51740,Portsmouth,Virginia,14374,2020-08-04 19:30:00
51800,Suffolk,Virginia,15796,2020-08-04 19:30:00
51810,Virginia Beach,Virginia,51099,2020-08-04 19:30:00
51550,Chesapeake,Virginia,32867,2020-08-04 19:45:00
51650,Hampton,Virginia,20216,2020-08-04 19:45:00
51700,Newport News,Virginia,22923,2020-08-04 19:45:00
51710,Norfolk,Virginia,11141,2020-08-04 19:45:00
51735,Poquoson,Virginia,3152,2020-08-04 19:45:00
51740,Portsmouth,Virginia,14381,2020-08-04 19:45:00
51800,Suffolk,Virginia,15685,2020-08-04 19:45:00
51810,Virginia Beach,Virginia,51086,2020-08-04 19:45:00
51550,Chesapeake,Virginia,28579,2020-08-04 20:00:00
51650,Hampton,Virginia,20212,2020-08-04 20:00:00
51700,Newport News,Virginia,22953,2020-08-04 20:00:00
51710,Norfolk,Virginia,10745,2020-08-04 20:00:00
51735,Poquoson,Virginia,2883,2020-08-04 20:00:00
51740,Portsmouth,Virginia,14393,2020-08-04 20:00:00
51800,Suffolk,Virginia,15692,2020-08-04 20:00:00
51810,Virginia Beach,Virginia,51387,2020-08-04 20:00:00
51550,Chesapeake,Virginia,31585,2020-08-04 20:15:00
51650,Hampton,Virginia,17819,2020-08-04 20:15:00
51700,Newport News,Virginia,25471,2020-08-04 20:15:00
51710,Norfolk,Virginia,10169,2020-08-04 20:15:00
51735,Poquoson,Virginia,2883,2020-08-04 20:15:00
51740,Portsmouth,Virginia,14372,2020-08-04 20:15:00
51800,Suffolk,Virginia,15629,2020-08-04 20:15:00
51810,Virginia Beach,Virginia,45862,2020-08-04 20:15:00
51550,Chesapeake,Virginia,29526,2020-08-04 20:30:00
51650,Hampton,Virginia,18253,2020-08-04 20:30:00
51700,Newport News,Virginia,22708,2020-08-04 20:30:00
51710,Norfolk,Virginia,7791,2020-08-04 20:30:00
51735,Poquoson,Virginia,2883,2020-08-04 20:30:00
51740,Portsmouth,Virginia,14372,2020-08-04 20:30:00
51800,Suffolk,Virginia,15640,2020-08-04 20:30:00
51810,Virginia Beach,Virginia,45531,2020-08-04 20:30:00
51550,Chesapeake,Virginia,25342,2020-08-04 20:45:00
51650,Hampton,Virginia,17300,2020-08-04 20:45:00
51700,Newport News,Virginia,22725,2020-08-04 20:45:00
51710,Norfolk,Virginia,7768,2020-08-04 20:45:00
51735,Poquoson,Virginia,966,2020-08-04 20:45:00
51740,Portsmouth,Virginia,14189,2020-08-04 20:45:00
51800,Suffolk,Virginia,15721,2020-08-04 20:45:00
51810,Virginia Beach,Virginia,44959,2020-08-04 20:45:00
51550,Chesapeake,Virginia,21727,2020-08-04 21:00:00
51650,Hampton,Virginia,17235,2020-08-04 21:00:00
51700,Newport News,Virginia,23616,2020-08-04 21:00:00
51710,Norfolk,Virginia,7578,2020-08-04 21:00:00
51735,Poquoson,Virginia,966,2020-08-04 21:00:00
51740,Portsmouth,Virginia,14360,2020-08-04 21:00:00
51800,Suffolk,Virginia,15722,2020-08-04 21:00:00
51810,Virginia Beach,Virginia,45845,2020-08-04 21:00:00
51550,Chesapeake,Virginia,21779,2020-08-04 21:15:00
51650,Hampton,Virginia,16739,2020-08-04 21:15:00
51700,Newport News,Virginia,22672,2020-08-04 21:15:00
51710,Norfolk,Virginia,7145,2020-08-04 21:15:00
51735,Poquoson,Virginia,970,2020-08-04 21:15:00
51740,Portsmouth,Virginia,14248,2020-08-04 21:15:00
51800,Suffolk,Virginia,15724,2020-08-04 21:15:00
51810,Virginia Beach,Virginia,44563,2020-08-04 21:15:00
51550,Chesapeake,Virginia,21526,2020-08-04 21:30:00
51650,Hampton,Virginia,16821,2020-08-04 21:30:00
51700,Newport News,Virginia,22661,2020-08-04 21:30:00
51710,Norfolk,Virginia,7084,2020-08-04 21:30:00
51735,Poquoson,Virginia,970,2020-08-04 21:30:00
51740,Portsmouth,Virginia,14259,2020-08-04 21:30:00
51800,Suffolk,Virginia,15656,2020-08-04 21:30:00
51810,Virginia Beach,Virginia,42880,2020-08-04 21:30:00
51550,Chesapeake,Virginia,21822,2020-08-04 21:45:00
51650,Hampton,Virginia,15851,2020-08-04 21:45:00
51700,Newport News,Virginia,22658,2020-08-04 21:45:00
51710,Norfolk,Virginia,7138,2020-08-04 21:45:00
51735,Poquoson,Virginia,970,2020-08-04 21:45:00
51740,Portsmouth,Virginia,13839,2020-08-04 21:45:00
51800,Suffolk,Virginia,15649,2020-08-04 21:45:00
51810,Virginia Beach,Virginia,40808,2020-08-04 21:45:00
51550,Chesapeake,Virginia,20934,2020-08-04 22:00:00
51650,Hampton,Virginia,16688,2020-08-04 22:00:00
51700,Newport News,Virginia,22645,2020-08-04 22:00:00
51710,Norfolk,Virginia,6877,2020-08-04 22:00:00
51735,Poquoson,Virginia,970,2020-08-04 22:00:00
51740,Portsmouth,Virginia,13851,2020-08-04 22:00:00
51800,Suffolk,Virginia,15282,2020-08-04 22:00:00
51810,Virginia Beach,Virginia,41261,2020-08-04 22:00:00
51550,Chesapeake,Virginia,20977,2020-08-04 22:15:00
51650,Hampton,Virginia,16732,2020-08-04 22:15:00
51700,Newport News,Virginia,22650,2020-08-04 22:15:00
51710,Norfolk,Virginia,6780,2020-08-04 22:15:00
51735,Poquoson,Virginia,970,2020-08-04 22:15:00
51740,Portsmouth,Virginia,13861,2020-08-04 22:15:00
51800,Suffolk,Virginia,14600,2020-08-04 22:15:00
51810,Virginia Beach,Virginia,41383,2020-08-04 22:15:00
51550,Chesapeake,Virginia,20859,2020-08-04 22:30:00
51650,Hampton,Virginia,15924,2020-08-04 22:30:00
51700,Newport News,Virginia,22519,2020-08-04 22:30:00
51710,Norfolk,Virginia,6720,2020-08-04 22:30:00
51735,Poquoson,Virginia,970,2020-08-04 22:30:00
51740,Portsmouth,Virginia,13871,2020-08-04 22:30:00
51800,Suffolk,Virginia,14638,2020-08-04 22:30:00
51810,Virginia Beach,Virginia,41405,2020-08-04 22:30:00
51550,Chesapeake,Virginia,20509,2020-08-04 22:45:00
51650,Hampton,Virginia,14740,2020-08-04 22:45:00
51700,Newport News,Virginia,22527,2020-08-04 22:45:00
51710,Norfolk,Virginia,6663,2020-08-04 22:45:00
51735,Poquoson,Virginia,970,2020-08-04 22:45:00
51740,Portsmouth,Virginia,13622,2020-08-04 22:45:00
51800,Suffolk,Virginia,14639,2020-08-04 22:45:00
51810,Virginia Beach,Virginia,39546,2020-08-04 22:45:00
51550,Chesapeake,Virginia,20512,2020-08-04 23:00:00
51650,Hampton,Virginia,14772,2020-08-04 23:00:00
51700,Newport News,Virginia,22569,2020-08-04 23:00:00
51710,Norfolk,Virginia,6456,2020-08-04 23:00:00
51735,Poquoson,Virginia,970,2020-08-04 23:00:00
51740,Portsmouth,Virginia,13622,2020-08-04 23:00:00
51800,Suffolk,Virginia,14287,2020-08-04 23:00:00
51810,Virginia Beach,Virginia,39515,2020-08-04 23:00:00
51550,Chesapeake,Virginia,20078,2020-08-04 23:15:00
51650,Hampton,Virginia,13163,2020-08-04 23:15:00
51700,Newport News,Virginia,22552,2020-08-04 23:15:00
51710,Norfolk,Virginia,6442,2020-08-04 23:15:00
51735,Poquoson,Virginia,970,2020-08-04 23:15:00
51740,Portsmouth,Virginia,13648,2020-08-04 23:15:00
51800,Suffolk,Virginia,9659,2020-08-04 23:15:00
51810,Virginia Beach,Virginia,38957,2020-08-04 23:15:00
51550,Chesapeake,Virginia,20619,2020-08-04 23:30:00
51650,Hampton,Virginia,14546,2020-08-04 23:30:00
51700,Newport News,Virginia,21552,2020-08-04 23:30:00
51710,Norfolk,Virginia,6343,2020-08-04 23:30:00
51735,Poquoson,Virginia,970,2020-08-04 23:30:00
51740,Portsmouth,Virginia,13869,2020-08-04 23:30:00
51800,Suffolk,Virginia,12310,2020-08-04 23:30:00
51810,Virginia Beach,Virginia,39428,2020-08-04 23:30:00
51550,Chesapeake,Virginia,19292,2020-08-04 23:45:00
51650,Hampton,Virginia,14637,2020-08-04 23:45:00
51700,Newport News,Virginia,21795,2020-08-04 23:45:00
51710,Norfolk,Virginia,5636,2020-08-04 23:45:00
51735,Poquoson,Virginia,970,2020-08-04 23:45:00
51740,Portsmouth,Virginia,13709,2020-08-04 23:45:00
51800,Suffolk,Virginia,12442,2020-08-04 23:45:00
51810,Virginia Beach,Virginia,39582,2020-08-04 23:45:00
51550,Chesapeake,Virginia,19325,2020-08-05 00:00:00
51650,Hampton,Virginia,14647,2020-08-05 00:00:00
51700,Newport News,Virginia,17826,2020-08-05 00:00:00
51710,Norfolk,Virginia,5734,2020-08-05 00:00:00
51735,Poquoson,Virginia,970,2020-08-05 00:00:00
51740,Portsmouth,Virginia,12775,2020-08-05 00:00:00
51800,Suffolk,Virginia,13855,2020-08-05 00:00:00
51810,Virginia Beach,Virginia,39520,2020-08-05 00:00:00
51550,Chesapeake,Virginia,19291,2020-08-05 00:15:00
51650,Hampton,Virginia,14630,2020-08-05 00:15:00
51700,Newport News,Virginia,19863,2020-08-05 00:15:00
51710,Norfolk,Virginia,5972,2020-08-05 00:15:00
51735,Poquoson,Virginia,367,2020-08-05 00:15:00
51740,Portsmouth,Virginia,11598,2020-08-05 00:15:00
51800,Suffolk,Virginia,11572,2020-08-05 00:15:00
51810,Virginia Beach,Virginia,38201,2020-08-05 00:15:00
51550,Chesapeake,Virginia,19277,2020-08-05 00:30:00
51650,Hampton,Virginia,14630,2020-08-05 00:30:00
51700,Newport News,Virginia,19925,2020-08-05 00:30:00
51710,Norfolk,Virginia,5614,2020-08-05 00:30:00
51735,Poquoson,Virginia,367,2020-08-05 00:30:00
51740,Portsmouth,Virginia,12630,2020-08-05 00:30:00
51800,Suffolk,Virginia,10160,2020-08-05 00:30:00
51810,Virginia Beach,Virginia,39389,2020-08-05 00:30:00
51550,Chesapeake,Virginia,19292,2020-08-05 00:45:00
51650,Hampton,Virginia,14687,2020-08-05 00:45:00
51700,Newport News,Virginia,18650,2020-08-05 00:45:00
51710,Norfolk,Virginia,5318,2020-08-05 00:45:00
51735,Poquoson,Virginia,367,2020-08-05 00:45:00
51740,Portsmouth,Virginia,10963,2020-08-05 00:45:00
51800,Suffolk,Virginia,10160,2020-08-05 00:45:00
51810,Virginia Beach,Virginia,39398,2020-08-05 00:45:00
51550,Chesapeake,Virginia,19306,2020-08-05 01:00:00
51650,Hampton,Virginia,14557,2020-08-05 01:00:00
51700,Newport News,Virginia,21909,2020-08-05 01:00:00
51710,Norfolk,Virginia,5325,2020-08-05 01:00:00
51735,Poquoson,Virginia,367,2020-08-05 01:00:00
51740,Portsmouth,Virginia,10288,2020-08-05 01:00:00
51800,Suffolk,Virginia,10146,2020-08-05 01:00:00
51810,Virginia Beach,Virginia,39404,2020-08-05 01:00:00
51550,Chesapeake,Virginia,19312,2020-08-05 01:15:00
51650,Hampton,Virginia,13887,2020-08-05 01:15:00
51700,Newport News,Virginia,21828,2020-08-05 01:15:00
51710,Norfolk,Virginia,5297,2020-08-05 01:15:00
51735,Poquoson,Virginia,438,2020-08-05 01:15:00
51740,Portsmouth,Virginia,10288,2020-08-05 01:15:00
51800,Suffolk,Virginia,10148,2020-08-05 01:15:00
51810,Virginia Beach,Virginia,39404,2020-08-05 01:15:00
51550,Chesapeake,Virginia,19334,2020-08-05 01:30:00
51650,Hampton,Virginia,13674,2020-08-05 01:30:00
51700,Newport News,Virginia,21796,2020-08-05 01:30:00
51710,Norfolk,Virginia,5309,2020-08-05 01:30:00
51735,Poquoson,Virginia,438,2020-08-05 01:30:00
51740,Portsmouth,Virginia,10283,2020-08-05 01:30:00
51800,Suffolk,Virginia,10148,2020-08-05 01:30:00
51810,Virginia Beach,Virginia,38355,2020-08-05 01:30:00
51550,Chesapeake,Virginia,19144,2020-08-05 01:45:00
51650,Hampton,Virginia,13674,2020-08-05 01:45:00
51700,Newport News,Virginia,21830,2020-08-05 01:45:00
51710,Norfolk,Virginia,5127,2020-08-05 01:45:00
51735,Poquoson,Virginia,438,2020-08-05 01:45:00
51740,Portsmouth,Virginia,10293,2020-08-05 01:45:00
51800,Suffolk,Virginia,10189,2020-08-05 01:45:00
51810,Virginia Beach,Virginia,38358,2020-08-05 01:45:00
51550,Chesapeake,Virginia,19177,2020-08-05 02:00:00
51650,Hampton,Virginia,13674,2020-08-05 02:00:00
51700,Newport News,Virginia,19783,2020-08-05 02:00:00
51710,Norfolk,Virginia,5148,2020-08-05 02:00:00
51735,Poquoson,Virginia,438,2020-08-05 02:00:00
51740,Portsmouth,Virginia,10284,2020-08-05 02:00:00
51800,Suffolk,Virginia,10185,2020-08-05 02:00:00
51810,Virginia Beach,Virginia,37637,2020-08-05 02:00:00
51550,Chesapeake,Virginia,19177,2020-08-05 02:15:00
51650,Hampton,Virginia,13681,2020-08-05 02:15:00
51700,Newport News,Virginia,19330,2020-08-05 02:15:00
51710,Norfolk,Virginia,5156,2020-08-05 02:15:00
51735,Poquoson,Virginia,438,2020-08-05 02:15:00
51740,Portsmouth,Virginia,10275,2020-08-05 02:15:00
51800,Suffolk,Virginia,10151,2020-08-05 02:15:00
51810,Virginia Beach,Virginia,35233,2020-08-05 02:15:00
51550,Chesapeake,Virginia,17908,2020-08-05 02:30:00
51650,Hampton,Virginia,13684,2020-08-05 02:30:00
51700,Newport News,Virginia,18207,2020-08-05 02:30:00
51710,Norfolk,Virginia,5186,2020-08-05 02:30:00
51735,Poquoson,Virginia,438,2020-08-05 02:30:00
51740,Portsmouth,Virginia,10262,2020-08-05 02:30:00
51800,Suffolk,Virginia,10151,2020-08-05 02:30:00
51810,Virginia Beach,Virginia,33861,2020-08-05 02:30:00
51550,Chesapeake,Virginia,17901,2020-08-05 02:45:00
51650,Hampton,Virginia,13684,2020-08-05 02:45:00
51700,Newport News,Virginia,16233,2020-08-05 02:45:00
51710,Norfolk,Virginia,5159,2020-08-05 02:45:00
51735,Poquoson,Virginia,438,2020-08-05 02:45:00
51740,Portsmouth,Virginia,10262,2020-08-05 02:45:00
51800,Suffolk,Virginia,10151,2020-08-05 02:45:00
51810,Virginia Beach,Virginia,33890,2020-08-05 02:45:00
51550,Chesapeake,Virginia,17877,2020-08-05 03:00:00
51650,Hampton,Virginia,13684,2020-08-05 03:00:00
51700,Newport News,Virginia,16211,2020-08-05 03:00:00
51710,Norfolk,Virginia,5158,2020-08-05 03:00:00
51735,Poquoson,Virginia,438,2020-08-05 03:00:00
51740,Portsmouth,Virginia,10262,2020-08-05 03:00:00
51800,Suffolk,Virginia,10151,2020-08-05 03:00:00
51810,Virginia Beach,Virginia,31935,2020-08-05 03:00:00
51550,Chesapeake,Virginia,17915,2020-08-05 03:15:00
51650,Hampton,Virginia,13684,2020-08-05 03:15:00
51700,Newport News,Virginia,16183,2020-08-05 03:15:00
51710,Norfolk,Virginia,4882,2020-08-05 03:15:00
51735,Poquoson,Virginia,441,2020-08-05 03:15:00
51740,Portsmouth,Virginia,10267,2020-08-05 03:15:00
51800,Suffolk,Virginia,10151,2020-08-05 03:15:00
51810,Virginia Beach,Virginia,31690,2020-08-05 03:15:00
51550,Chesapeake,Virginia,16313,2020-08-05 03:30:00
51650,Hampton,Virginia,13684,2020-08-05 03:30:00
51700,Newport News,Virginia,16172,2020-08-05 03:30:00
51710,Norfolk,Virginia,4892,2020-08-05 03:30:00
51735,Poquoson,Virginia,441,2020-08-05 03:30:00
51740,Portsmouth,Virginia,10267,2020-08-05 03:30:00
51800,Suffolk,Virginia,10151,2020-08-05 03:30:00
51810,Virginia Beach,Virginia,31385,2020-08-05 03:30:00
51550,Chesapeake,Virginia,16516,2020-08-05 03:45:00
51650,Hampton,Virginia,13684,2020-08-05 03:45:00
51700,Newport News,Virginia,16172,2020-08-05 03:45:00
51710,Norfolk,Virginia,4892,2020-08-05 03:45:00
51735,Poquoson,Virginia,441,2020-08-05 03:45:00
51740,Portsmouth,Virginia,10267,2020-08-05 03:45:00
51800,Suffolk,Virginia,10148,2020-08-05 03:45:00
51810,Virginia Beach,Virginia,31440,2020-08-05 03:45:00
51550,Chesapeake,Virginia,16149,2020-08-05 04:00:00
51650,Hampton,Virginia,13684,2020-08-05 04:00:00
51700,Newport News,Virginia,16172,2020-08-05 04:00:00
51710,Norfolk,Virginia,4892,2020-08-05 04:00:00
51735,Poquoson,Virginia,441,2020-08-05 04:00:00
51740,Portsmouth,Virginia,10267,2020-08-05 04:00:00
51800,Suffolk,Virginia,10158,2020-08-05 04:00:00
51810,Virginia Beach,Virginia,31400,2020-08-05 04:00:00
51550,Chesapeake,Virginia,16211,2020-08-05 04:15:00
51650,Hampton,Virginia,13647,2020-08-05 04:15:00
51700,Newport News,Virginia,16173,2020-08-05 04:15:00
51710,Norfolk,Virginia,4404,2020-08-05 04:15:00
51735,Poquoson,Virginia,441,2020-08-05 04:15:00
51740,Portsmouth,Virginia,11572,2020-08-05 04:15:00
51800,Suffolk,Virginia,10165,2020-08-05 04:15:00
51810,Virginia Beach,Virginia,31011,2020-08-05 04:15:00
51550,Chesapeake,Virginia,15994,2020-08-05 04:30:00
51650,Hampton,Virginia,13617,2020-08-05 04:30:00
51700,Newport News,Virginia,16151,2020-08-05 04:30:00
51710,Norfolk,Virginia,4074,2020-08-05 04:30:00
51735,Poquoson,Virginia,441,2020-08-05 04:30:00
51740,Portsmouth,Virginia,11572,2020-08-05 04:30:00
51800,Suffolk,Virginia,10165,2020-08-05 04:30:00
51810,Virginia Beach,Virginia,31012,2020-08-05 04:30:00
51550,Chesapeake,Virginia,15714,2020-08-05 04:45:00
51650,Hampton,Virginia,13536,2020-08-05 04:45:00
51700,Newport News,Virginia,16143,2020-08-05 04:45:00
51710,Norfolk,Virginia,3963,2020-08-05 04:45:00
51735,Poquoson,Virginia,434,2020-08-05 04:45:00
51740,Portsmouth,Virginia,11643,2020-08-05 04:45:00
51800,Suffolk,Virginia,10130,2020-08-05 04:45:00
51810,Virginia Beach,Virginia,30829,2020-08-05 04:45:00
51550,Chesapeake,Virginia,15621,2020-08-05 05:00:00
51650,Hampton,Virginia,13540,2020-08-05 05:00:00
51700,Newport News,Virginia,16143,2020-08-05 05:00:00
51710,Norfolk,Virginia,3933,2020-08-05 05:00:00
51735,Poquoson,Virginia,434,2020-08-05 05:00:00
51740,Portsmouth,Virginia,11644,2020-08-05 05:00:00
51800,Suffolk,Virginia,10136,2020-08-05 05:00:00
51810,Virginia Beach,Virginia,30225,2020-08-05 05:00:00
51550,Chesapeake,Virginia,15337,2020-08-05 05:15:00
51650,Hampton,Virginia,13540,2020-08-05 05:15:00
51700,Newport News,Virginia,16143,2020-08-05 05:15:00
51710,Norfolk,Virginia,3910,2020-08-05 05:15:00
51735,Poquoson,Virginia,434,2020-08-05 05:15:00
51740,Portsmouth,Virginia,11650,2020-08-05 05:15:00
51800,Suffolk,Virginia,10136,2020-08-05 05:15:00
51810,Virginia Beach,Virginia,29361,2020-08-05 05:15:00
51550,Chesapeake,Virginia,15132,2020-08-05 05:30:00
51650,Hampton,Virginia,13538,2020-08-05 05:30:00
51700,Newport News,Virginia,16143,2020-08-05 05:30:00
51710,Norfolk,Virginia,3863,2020-08-05 05:30:00
51735,Poquoson,Virginia,434,2020-08-05 05:30:00
51740,Portsmouth,Virginia,11653,2020-08-05 05:30:00
51800,Suffolk,Virginia,10111,2020-08-05 05:30:00
51810,Virginia Beach,Virginia,27550,2020-08-05 05:30:00
51550,Chesapeake,Virginia,15132,2020-08-05 05:45:00
51650,Hampton,Virginia,13532,2020-08-05 05:45:00
51700,Newport News,Virginia,16143,2020-08-05 05:45:00
51710,Norfolk,Virginia,3908,2020-08-05 05:45:00
51735,Poquoson,Virginia,434,2020-08-05 05:45:00
51740,Portsmouth,Virginia,11653,2020-08-05 05:45:00
51800,Suffolk,Virginia,10111,2020-08-05 05:45:00
51810,Virginia Beach,Virginia,26780,2020-08-05 05:45:00
51550,Chesapeake,Virginia,15083,2020-08-05 06:00:00
51650,Hampton,Virginia,13542,2020-08-05 06:00:00
51700,Newport News,Virginia,16072,2020-08-05 06:00:00
51710,Norfolk,Virginia,3887,2020-08-05 06:00:00
51735,Poquoson,Virginia,434,2020-08-05 06:00:00
51740,Portsmouth,Virginia,11653,2020-08-05 06:00:00
51800,Suffolk,Virginia,10106,2020-08-05 06:00:00
51810,Virginia Beach,Virginia,26408,2020-08-05 06:00:00
51550,Chesapeake,Virginia,15097,2020-08-05 06:15:00
51650,Hampton,Virginia,13542,2020-08-05 06:15:00
51700,Newport News,Virginia,16072,2020-08-05 06:15:00
51710,Norfolk,Virginia,3877,2020-08-05 06:15:00
51735,Poquoson,Virginia,434,2020-08-05 06:15:00
51740,Portsmouth,Virginia,11653,2020-08-05 06:15:00
51800,Suffolk,Virginia,10111,2020-08-05 06:15:00
51810,Virginia Beach,Virginia,26250,2020-08-05 06:15:00
51550,Chesapeake,Virginia,13958,2020-08-05 06:30:00
51650,Hampton,Virginia,13542,2020-08-05 06:30:00
51700,Newport News,Virginia,16171,2020-08-05 06:30:00
51710,Norfolk,Virginia,3901,2020-08-05 06:30:00
51735,Poquoson,Virginia,434,2020-08-05 06:30:00
51740,Portsmouth,Virginia,11653,2020-08-05 06:30:00
51800,Suffolk,Virginia,9490,2020-08-05 06:30:00
51810,Virginia Beach,Virginia,26250,2020-08-05 06:30:00
51550,Chesapeake,Virginia,13410,2020-08-05 06:45:00
51650,Hampton,Virginia,13549,2020-08-05 06:45:00
51700,Newport News,Virginia,16146,2020-08-05 06:45:00
51710,Norfolk,Virginia,3893,2020-08-05 06:45:00
51735,Poquoson,Virginia,434,2020-08-05 06:45:00
51740,Portsmouth,Virginia,11651,2020-08-05 06:45:00
51800,Suffolk,Virginia,9490,2020-08-05 06:45:00
51810,Virginia Beach,Virginia,25927,2020-08-05 06:45:00
51550,Chesapeake,Virginia,13374,2020-08-05 07:00:00
51650,Hampton,Virginia,13515,2020-08-05 07:00:00
51700,Newport News,Virginia,16145,2020-08-05 07:00:00
51710,Norfolk,Virginia,3858,2020-08-05 07:00:00
51735,Poquoson,Virginia,434,2020-08-05 07:00:00
51740,Portsmouth,Virginia,11651,2020-08-05 07:00:00
51800,Suffolk,Virginia,9486,2020-08-05 07:00:00
51810,Virginia Beach,Virginia,25905,2020-08-05 07:00:00
51550,Chesapeake,Virginia,13354,2020-08-05 07:15:00
51650,Hampton,Virginia,13504,2020-08-05 07:15:00
51700,Newport News,Virginia,15863,2020-08-05 07:15:00
51710,Norfolk,Virginia,3862,2020-08-05 07:15:00
51735,Poquoson,Virginia,434,2020-08-05 07:15:00
51740,Portsmouth,Virginia,11651,2020-08-05 07:15:00
51800,Suffolk,Virginia,9476,2020-08-05 07:15:00
51810,Virginia Beach,Virginia,25894,2020-08-05 07:15:00
51550,Chesapeake,Virginia,13354,2020-08-05 07:30:00
51650,Hampton,Virginia,13504,2020-08-05 07:30:00
51700,Newport News,Virginia,15863,2020-08-05 07:30:00
51710,Norfolk,Virginia,3830,2020-08-05 07:30:00
51735,Poquoson,Virginia,434,2020-08-05 07:30:00
51740,Portsmouth,Virginia,11636,2020-08-05 07:30:00
51800,Suffolk,Virginia,9476,2020-08-05 07:30:00
51810,Virginia Beach,Virginia,25894,2020-08-05 07:30:00
51550,Chesapeake,Virginia,13354,2020-08-05 07:45:00
51650,Hampton,Virginia,13504,2020-08-05 07:45:00
51700,Newport News,Virginia,15851,2020-08-05 07:45:00
51710,Norfolk,Virginia,3805,2020-08-05 07:45:00
51735,Poquoson,Virginia,434,2020-08-05 07:45:00
51740,Portsmouth,Virginia,11636,2020-08-05 07:45:00
51800,Suffolk,Virginia,9476,2020-08-05 07:45:00
51810,Virginia Beach,Virginia,25894,2020-08-05 07:45:00
51550,Chesapeake,Virginia,12126,2020-08-05 08:00:00
51650,Hampton,Virginia,13504,2020-08-05 08:00:00
51700,Newport News,Virginia,15851,2020-08-05 08:00:00
51710,Norfolk,Virginia,3812,2020-08-05 08:00:00
51735,Poquoson,Virginia,434,2020-08-05 08:00:00
51740,Portsmouth,Virginia,8195,2020-08-05 08:00:00
51800,Suffolk,Virginia,9695,2020-08-05 08:00:00
51810,Virginia Beach,Virginia,25876,2020-08-05 08:00:00
51550,Chesapeake,Virginia,13220,2020-08-05 08:15:00
51650,Hampton,Virginia,13504,2020-08-05 08:15:00
51700,Newport News,Virginia,15851,2020-08-05 08:15:00
51710,Norfolk,Virginia,3793,2020-08-05 08:15:00
51735,Poquoson,Virginia,434,2020-08-05 08:15:00
51740,Portsmouth,Virginia,7541,2020-08-05 08:15:00
51800,Suffolk,Virginia,9812,2020-08-05 08:15:00
51810,Virginia Beach,Virginia,25868,2020-08-05 08:15:00
51550,Chesapeake,Virginia,11811,2020-08-05 08:30:00
51650,Hampton,Virginia,13504,2020-08-05 08:30:00
51700,Newport News,Virginia,15851,2020-08-05 08:30:00
51710,Norfolk,Virginia,3777,2020-08-05 08:30:00
51735,Poquoson,Virginia,434,2020-08-05 08:30:00
51740,Portsmouth,Virginia,7905,2020-08-05 08:30:00
51800,Suffolk,Virginia,9812,2020-08-05 08:30:00
51810,Virginia Beach,Virginia,23706,2020-08-05 08:30:00
51550,Chesapeake,Virginia,10941,2020-08-05 08:45:00
51650,Hampton,Virginia,13504,2020-08-05 08:45:00
51700,Newport News,Virginia,15851,2020-08-05 08:45:00
51710,Norfolk,Virginia,3771,2020-08-05 08:45:00
51735,Poquoson,Virginia,434,2020-08-05 08:45:00
51740,Portsmouth,Virginia,7860,2020-08-05 08:45:00
51800,Suffolk,Virginia,9812,2020-08-05 08:45:00
51810,Virginia Beach,Virginia,22427,2020-08-05 08:45:00
51550,Chesapeake,Virginia,10568,2020-08-05 09:00:00
51650,Hampton,Virginia,13504,2020-08-05 09:00:00
51700,Newport News,Virginia,15846,2020-08-05 09:00:00
51710,Norfolk,Virginia,3783,2020-08-05 09:00:00
51735,Poquoson,Virginia,434,2020-08-05 09:00:00
51740,Portsmouth,Virginia,7772,2020-08-05 09:00:00
51800,Suffolk,Virginia,9812,2020-08-05 09:00:00
51810,Virginia Beach,Virginia,20316,2020-08-05 09:00:00
51550,Chesapeake,Virginia,10864,2020-08-05 09:15:00
51650,Hampton,Virginia,13501,2020-08-05 09:15:00
51700,Newport News,Virginia,15850,2020-08-05 09:15:00
51710,Norfolk,Virginia,3771,2020-08-05 09:15:00
51735,Poquoson,Virginia,434,2020-08-05 09:15:00
51740,Portsmouth,Virginia,7772,2020-08-05 09:15:00
51800,Suffolk,Virginia,9812,2020-08-05 09:15:00
51810,Virginia Beach,Virginia,19851,2020-08-05 09:15:00
51550,Chesapeake,Virginia,10201,2020-08-05 09:30:00
51650,Hampton,Virginia,13504,2020-08-05 09:30:00
51700,Newport News,Virginia,15862,2020-08-05 09:30:00
51710,Norfolk,Virginia,3753,2020-08-05 09:30:00
51735,Poquoson,Virginia,434,2020-08-05 09:30:00
51740,Portsmouth,Virginia,7772,2020-08-05 09:30:00
51800,Suffolk,Virginia,7544,2020-08-05 09:30:00
51810,Virginia Beach,Virginia,19623,2020-08-05 09:30:00
51550,Chesapeake,Virginia,10211,2020-08-05 09:45:00
51650,Hampton,Virginia,13499,2020-08-05 09:45:00
51700,Newport News,Virginia,15862,2020-08-05 09:45:00
51710,Norfolk,Virginia,3749,2020-08-05 09:45:00
51735,Poquoson,Virginia,434,2020-08-05 09:45:00
51740,Portsmouth,Virginia,7716,2020-08-05 09:45:00
51800,Suffolk,Virginia,7260,2020-08-05 09:45:00
51810,Virginia Beach,Virginia,19624,2020-08-05 09:45:00
51550,Chesapeake,Virginia,9238,2020-08-05 10:00:00
51650,Hampton,Virginia,13499,2020-08-05 10:00:00
51700,Newport News,Virginia,15862,2020-08-05 10:00:00
51710,Norfolk,Virginia,3771,2020-08-05 10:00:00
51735,Poquoson,Virginia,434,2020-08-05 10:00:00
51740,Portsmouth,Virginia,7717,2020-08-05 10:00:00
51800,Suffolk,Virginia,7494,2020-08-05 10:00:00
51810,Virginia Beach,Virginia,19565,2020-08-05 10:00:00
51550,Chesapeake,Virginia,9439,2020-08-05 10:15:00
51650,Hampton,Virginia,13504,2020-08-05 10:15:00
51700,Newport News,Virginia,15862,2020-08-05 10:15:00
51710,Norfolk,Virginia,3709,2020-08-05 10:15:00
51735,Poquoson,Virginia,434,2020-08-05 10:15:00
51740,Portsmouth,Virginia,7737,2020-08-05 10:15:00
51800,Suffolk,Virginia,7494,2020-08-05 10:15:00
51810,Virginia Beach,Virginia,19567,2020-08-05 10:15:00
51550,Chesapeake,Virginia,9455,2020-08-05 10:30:00
51650,Hampton,Virginia,13504,2020-08-05 10:30:00
51700,Newport News,Virginia,15866,2020-08-05 10:30:00
51710,Norfolk,Virginia,3685,2020-08-05 10:30:00
51735,Poquoson,Virginia,434,2020-08-05 10:30:00
51740,Portsmouth,Virginia,7740,2020-08-05 10:30:00
51800,Suffolk,Virginia,7494,2020-08-05 10:30:00
51810,Virginia Beach,Virginia,19555,2020-08-05 10:30:00
51550,Chesapeake,Virginia,9495,2020-08-05 10:45:00
51650,Hampton,Virginia,13508,2020-08-05 10:45:00
51700,Newport News,Virginia,15875,2020-08-05 10:45:00
51710,Norfolk,Virginia,3681,2020-08-05 10:45:00
51735,Poquoson,Virginia,434,2020-08-05 10:45:00
51740,Portsmouth,Virginia,7741,2020-08-05 10:45:00
51800,Suffolk,Virginia,7495,2020-08-05 10:45:00
51810,Virginia Beach,Virginia,19605,2020-08-05 10:45:00
51550,Chesapeake,Virginia,9508,2020-08-05 11:00:00
51650,Hampton,Virginia,13519,2020-08-05 11:00:00
51700,Newport News,Virginia,16072,2020-08-05 11:00:00
51710,Norfolk,Virginia,4098,2020-08-05 11:00:00
51735,Poquoson,Virginia,361,2020-08-05 11:00:00
51740,Portsmouth,Virginia,7741,2020-08-05 11:00:00
51800,Suffolk,Virginia,7583,2020-08-05 11:00:00
51810,Virginia Beach,Virginia,20819,2020-08-05 11:00:00
51550,Chesapeake,Virginia,9096,2020-08-05 11:15:00
51650,Hampton,Virginia,13552,2020-08-05 11:15:00
51700,Newport News,Virginia,16077,2020-08-05 11:15:00
51710,Norfolk,Virginia,3636,2020-08-05 11:15:00
51735,Poquoson,Virginia,361,2020-08-05 11:15:00
51740,Portsmouth,Virginia,7741,2020-08-05 11:15:00
51800,Suffolk,Virginia,7591,2020-08-05 11:15:00
51810,Virginia Beach,Virginia,20627,2020-08-05 11:15:00
51550,Chesapeake,Virginia,9188,2020-08-05 11:30:00
51650,Hampton,Virginia,13555,2020-08-05 11:30:00
51700,Newport News,Virginia,16086,2020-08-05 11:30:00
51710,Norfolk,Virginia,3613,2020-08-05 11:30:00
51735,Poquoson,Virginia,361,2020-08-05 11:30:00
51740,Portsmouth,Virginia,7741,2020-08-05 11:30:00
51800,Suffolk,Virginia,7611,2020-08-05 11:30:00
51810,Virginia Beach,Virginia,20622,2020-08-05 11:30:00
51550,Chesapeake,Virginia,8855,2020-08-05 11:45:00
51650,Hampton,Virginia,13555,2020-08-05 11:45:00
51700,Newport News,Virginia,16110,2020-08-05 11:45:00
51710,Norfolk,Virginia,3588,2020-08-05 11:45:00
51735,Poquoson,Virginia,361,2020-08-05 11:45:00
51740,Portsmouth,Virginia,7741,2020-08-05 11:45:00
51800,Suffolk,Virginia,7613,2020-08-05 11:45:00
51810,Virginia Beach,Virginia,21393,2020-08-05 11:45:00
51550,Chesapeake,Virginia,8867,2020-08-05 12:00:00
51650,Hampton,Virginia,12827,2020-08-05 12:00:00
51700,Newport News,Virginia,16098,2020-08-05 12:00:00
51710,Norfolk,Virginia,3595,2020-08-05 12:00:00
51735,Poquoson,Virginia,352,2020-08-05 12:00:00
51740,Portsmouth,Virginia,7741,2020-08-05 12:00:00
51800,Suffolk,Virginia,7622,2020-08-05 12:00:00
51810,Virginia Beach,Virginia,21414,2020-08-05 12:00:00
51550,Chesapeake,Virginia,8953,2020-08-05 12:15:00
51650,Hampton,Virginia,12717,2020-08-05 12:15:00
51700,Newport News,Virginia,16102,2020-08-05 12:15:00
51710,Norfolk,Virginia,3413,2020-08-05 12:15:00
51735,Poquoson,Virginia,352,2020-08-05 12:15:00
51740,Portsmouth,Virginia,7741,2020-08-05 12:15:00
51800,Suffolk,Virginia,7628,2020-08-05 12:15:00
51810,Virginia Beach,Virginia,21325,2020-08-05 12:15:00
51550,Chesapeake,Virginia,9117,2020-08-05 12:30:00
51650,Hampton,Virginia,12736,2020-08-05 12:30:00
51700,Newport News,Virginia,16155,2020-08-05 12:30:00
51710,Norfolk,Virginia,3415,2020-08-05 12:30:00
51735,Poquoson,Virginia,358,2020-08-05 12:30:00
51740,Portsmouth,Virginia,7743,2020-08-05 12:30:00
51800,Suffolk,Virginia,7657,2020-08-05 12:30:00
51810,Virginia Beach,Virginia,23365,2020-08-05 12:30:00
51550,Chesapeake,Virginia,9307,2020-08-05 12:45:00
51650,Hampton,Virginia,12749,2020-08-05 12:45:00
51700,Newport News,Virginia,16107,2020-08-05 12:45:00
51710,Norfolk,Virginia,3392,2020-08-05 12:45:00
51735,Poquoson,Virginia,358,2020-08-05 12:45:00
51740,Portsmouth,Virginia,7744,2020-08-05 12:45:00
51800,Suffolk,Virginia,7417,2020-08-05 12:45:00
51810,Virginia Beach,Virginia,23419,2020-08-05 12:45:00
51550,Chesapeake,Virginia,9047,2020-08-05 13:00:00
51650,Hampton,Virginia,11144,2020-08-05 13:00:00
51700,Newport News,Virginia,17095,2020-08-05 13:00:00
51710,Norfolk,Virginia,3344,2020-08-05 13:00:00
51735,Poquoson,Virginia,358,2020-08-05 13:00:00
51740,Portsmouth,Virginia,7755,2020-08-05 13:00:00
51800,Suffolk,Virginia,7395,2020-08-05 13:00:00
51810,Virginia Beach,Virginia,23385,2020-08-05 13:00:00
51550,Chesapeake,Virginia,8915,2020-08-05 13:15:00
51650,Hampton,Virginia,10628,2020-08-05 13:15:00
51700,Newport News,Virginia,16416,2020-08-05 13:15:00
51710,Norfolk,Virginia,3321,2020-08-05 13:15:00
51735,Poquoson,Virginia,358,2020-08-05 13:15:00
51740,Portsmouth,Virginia,7766,2020-08-05 13:15:00
51800,Suffolk,Virginia,7145,2020-08-05 13:15:00
51810,Virginia Beach,Virginia,23282,2020-08-05 13:15:00
51550,Chesapeake,Virginia,8971,2020-08-05 13:30:00
51650,Hampton,Virginia,10638,2020-08-05 13:30:00
51700,Newport News,Virginia,16392,2020-08-05 13:30:00
51710,Norfolk,Virginia,3165,2020-08-05 13:30:00
51735,Poquoson,Virginia,358,2020-08-05 13:30:00
51740,Portsmouth,Virginia,7626,2020-08-05 13:30:00
51800,Suffolk,Virginia,7060,2020-08-05 13:30:00
51810,Virginia Beach,Virginia,23028,2020-08-05 13:30:00
51550,Chesapeake,Virginia,8957,2020-08-05 13:45:00
51650,Hampton,Virginia,10614,2020-08-05 13:45:00
51700,Newport News,Virginia,16432,2020-08-05 13:45:00
51710,Norfolk,Virginia,5747,2020-08-05 13:45:00
51735,Poquoson,Virginia,352,2020-08-05 13:45:00
51740,Portsmouth,Virginia,7648,2020-08-05 13:45:00
51800,Suffolk,Virginia,7025,2020-08-05 13:45:00
51810,Virginia Beach,Virginia,22946,2020-08-05 13:45:00
51550,Chesapeake,Virginia,8926,2020-08-05 14:00:00
51650,Hampton,Virginia,10605,2020-08-05 14:00:00
51700,Newport News,Virginia,16437,2020-08-05 14:00:00
51710,Norfolk,Virginia,5742,2020-08-05 14:00:00
51735,Poquoson,Virginia,352,2020-08-05 14:00:00
51740,Portsmouth,Virginia,7620,2020-08-05 14:00:00
51800,Suffolk,Virginia,6997,2020-08-05 14:00:00
51810,Virginia Beach,Virginia,19241,2020-08-05 14:00:00
51550,Chesapeake,Virginia,8718,2020-08-05 14:15:00
51650,Hampton,Virginia,10533,2020-08-05 14:15:00
51700,Newport News,Virginia,16354,2020-08-05 14:15:00
51710,Norfolk,Virginia,3228,2020-08-05 14:15:00
51735,Poquoson,Virginia,352,2020-08-05 14:15:00
51740,Portsmouth,Virginia,7528,2020-08-05 14:15:00
51800,Suffolk,Virginia,6791,2020-08-05 14:15:00
51810,Virginia Beach,Virginia,19798,2020-08-05 14:15:00
51550,Chesapeake,Virginia,8646,2020-08-05 14:30:00
51650,Hampton,Virginia,10578,2020-08-05 14:30:00
51700,Newport News,Virginia,16323,2020-08-05 14:30:00
51710,Norfolk,Virginia,4299,2020-08-05 14:30:00
51735,Poquoson,Virginia,352,2020-08-05 14:30:00
51740,Portsmouth,Virginia,7445,2020-08-05 14:30:00
51800,Suffolk,Virginia,6966,2020-08-05 14:30:00
51810,Virginia Beach,Virginia,19682,2020-08-05 14:30:00
51550,Chesapeake,Virginia,8550,2020-08-05 14:45:00
51650,Hampton,Virginia,10577,2020-08-05 14:45:00
51700,Newport News,Virginia,16402,2020-08-05 14:45:00
51710,Norfolk,Virginia,2773,2020-08-05 14:45:00
51735,Poquoson,Virginia,353,2020-08-05 14:45:00
51740,Portsmouth,Virginia,7412,2020-08-05 14:45:00
51800,Suffolk,Virginia,7928,2020-08-05 14:45:00
51810,Virginia Beach,Virginia,19386,2020-08-05 14:45:00
51550,Chesapeake,Virginia,8666,2020-08-05 15:00:00
51650,Hampton,Virginia,10234,2020-08-05 15:00:00
51700,Newport News,Virginia,16008,2020-08-05 15:00:00
51710,Norfolk,Virginia,3030,2020-08-05 15:00:00
51735,Poquoson,Virginia,353,2020-08-05 15:00:00
51740,Portsmouth,Virginia,7407,2020-08-05 15:00:00
51800,Suffolk,Virginia,7933,2020-08-05 15:00:00
51810,Virginia Beach,Virginia,19172,2020-08-05 15:00:00
51550,Chesapeake,Virginia,8615,2020-08-05 15:15:00
51650,Hampton,Virginia,10143,2020-08-05 15:15:00
51700,Newport News,Virginia,16078,2020-08-05 15:15:00
51710,Norfolk,Virginia,3713,2020-08-05 15:15:00
51735,Poquoson,Virginia,353,2020-08-05 15:15:00
51740,Portsmouth,Virginia,7394,2020-08-05 15:15:00
51800,Suffolk,Virginia,8003,2020-08-05 15:15:00
51810,Virginia Beach,Virginia,19162,2020-08-05 15:15:00
51550,Chesapeake,Virginia,8513,2020-08-05 15:30:00
51650,Hampton,Virginia,10052,2020-08-05 15:30:00
51700,Newport News,Virginia,14982,2020-08-05 15:30:00
51710,Norfolk,Virginia,2309,2020-08-05 15:30:00
51735,Poquoson,Virginia,353,2020-08-05 15:30:00
51740,Portsmouth,Virginia,7390,2020-08-05 15:30:00
51800,Suffolk,Virginia,7852,2020-08-05 15:30:00
51810,Virginia Beach,Virginia,19044,2020-08-05 15:30:00
51550,Chesapeake,Virginia,8176,2020-08-05 15:45:00
51650,Hampton,Virginia,9714,2020-08-05 15:45:00
51700,Newport News,Virginia,13102,2020-08-05 15:45:00
51710,Norfolk,Virginia,2322,2020-08-05 15:45:00
51735,Poquoson,Virginia,353,2020-08-05 15:45:00
51740,Portsmouth,Virginia,7379,2020-08-05 15:45:00
51800,Suffolk,Virginia,7856,2020-08-05 15:45:00
51810,Virginia Beach,Virginia,17467,2020-08-05 15:45:00
51550,Chesapeake,Virginia,7900,2020-08-05 16:00:00
51650,Hampton,Virginia,9022,2020-08-05 16:00:00
51700,Newport News,Virginia,12862,2020-08-05 16:00:00
51710,Norfolk,Virginia,2351,2020-08-05 16:00:00
51735,Poquoson,Virginia,353,2020-08-05 16:00:00
51740,Portsmouth,Virginia,7094,2020-08-05 16:00:00
51800,Suffolk,Virginia,6950,2020-08-05 16:00:00
51810,Virginia Beach,Virginia,16043,2020-08-05 16:00:00
51550,Chesapeake,Virginia,7332,2020-08-05 16:15:00
51650,Hampton,Virginia,9386,2020-08-05 16:15:00
51700,Newport News,Virginia,10992,2020-08-05 16:15:00
51710,Norfolk,Virginia,2306,2020-08-05 16:15:00
51735,Poquoson,Virginia,353,2020-08-05 16:15:00
51740,Portsmouth,Virginia,7137,2020-08-05 16:15:00
51800,Suffolk,Virginia,6964,2020-08-05 16:15:00
51810,Virginia Beach,Virginia,12913,2020-08-05 16:15:00
51550,Chesapeake,Virginia,6467,2020-08-05 16:30:00
51650,Hampton,Virginia,8738,2020-08-05 16:30:00
51700,Newport News,Virginia,10935,2020-08-05 16:30:00
51710,Norfolk,Virginia,2256,2020-08-05 16:30:00
51735,Poquoson,Virginia,353,2020-08-05 16:30:00
51740,Portsmouth,Virginia,6921,2020-08-05 16:30:00
51800,Suffolk,Virginia,7811,2020-08-05 16:30:00
51810,Virginia Beach,Virginia,12713,2020-08-05 16:30:00
51550,Chesapeake,Virginia,6374,2020-08-05 16:45:00
51650,Hampton,Virginia,9111,2020-08-05 16:45:00
51700,Newport News,Virginia,10469,2020-08-05 16:45:00
51710,Norfolk,Virginia,2224,2020-08-05 16:45:00
51735,Poquoson,Virginia,353,2020-08-05 16:45:00
51740,Portsmouth,Virginia,6863,2020-08-05 16:45:00
51800,Suffolk,Virginia,7813,2020-08-05 16:45:00
51810,Virginia Beach,Virginia,12668,2020-08-05 16:45:00
51550,Chesapeake,Virginia,6145,2020-08-05 17:00:00
51650,Hampton,Virginia,9136,2020-08-05 17:00:00
51700,Newport News,Virginia,10670,2020-08-05 17:00:00
51710,Norfolk,Virginia,2583,2020-08-05 17:00:00
51735,Poquoson,Virginia,353,2020-08-05 17:00:00
51740,Portsmouth,Virginia,6842,2020-08-05 17:00:00
51800,Suffolk,Virginia,7799,2020-08-05 17:00:00
51810,Virginia Beach,Virginia,12105,2020-08-05 17:00:00
51550,Chesapeake,Virginia,6071,2020-08-05 17:15:00
51650,Hampton,Virginia,8994,2020-08-05 17:15:00
51700,Newport News,Virginia,10677,2020-08-05 17:15:00
51710,Norfolk,Virginia,1997,2020-08-05 17:15:00
51735,Poquoson,Virginia,353,2020-08-05 17:15:00
51740,Portsmouth,Virginia,6819,2020-08-05 17:15:00
51800,Suffolk,Virginia,7005,2020-08-05 17:15:00
51810,Virginia Beach,Virginia,11268,2020-08-05 17:15:00
51550,Chesapeake,Virginia,5124,2020-08-05 17:30:00
51650,Hampton,Virginia,8987,2020-08-05 17:30:00
51700,Newport News,Virginia,10742,2020-08-05 17:30:00
51710,Norfolk,Virginia,1810,2020-08-05 17:30:00
51735,Poquoson,Virginia,353,2020-08-05 17:30:00
51740,Portsmouth,Virginia,6674,2020-08-05 17:30:00
51800,Suffolk,Virginia,6734,2020-08-05 17:30:00
51810,Virginia Beach,Virginia,11152,2020-08-05 17:30:00
51550,Chesapeake,Virginia,5659,2020-08-05 17:45:00
51650,Hampton,Virginia,9680,2020-08-05 17:45:00
51700,Newport News,Virginia,11239,2020-08-05 17:45:00
51710,Norfolk,Virginia,1724,2020-08-05 17:45:00
51735,Poquoson,Virginia,344,2020-08-05 17:45:00
51740,Portsmouth,Virginia,6643,2020-08-05 17:45:00
51800,Suffolk,Virginia,6552,2020-08-05 17:45:00
51810,Virginia Beach,Virginia,10746,2020-08-05 17:45:00
51550,Chesapeake,Virginia,5548,2020-08-05 18:00:00
51650,Hampton,Virginia,9212,2020-08-05 18:00:00
51700,Newport News,Virginia,11071,2020-08-05 18:00:00
51710,Norfolk,Virginia,1670,2020-08-05 18:00:00
51735,Poquoson,Virginia,341,2020-08-05 18:00:00
51740,Portsmouth,Virginia,6641,2020-08-05 18:00:00
51800,Suffolk,Virginia,6452,2020-08-05 18:00:00
51810,Virginia Beach,Virginia,9445,2020-08-05 18:00:00
51550,Chesapeake,Virginia,5450,2020-08-05 18:15:00
51650,Hampton,Virginia,9060,2020-08-05 18:15:00
51700,Newport News,Virginia,10409,2020-08-05 18:15:00
51710,Norfolk,Virginia,2016,2020-08-05 18:15:00
51735,Poquoson,Virginia,341,2020-08-05 18:15:00
51740,Portsmouth,Virginia,6662,2020-08-05 18:15:00
51800,Suffolk,Virginia,3775,2020-08-05 18:15:00
51810,Virginia Beach,Virginia,9740,2020-08-05 18:15:00
51550,Chesapeake,Virginia,5313,2020-08-05 18:30:00
51650,Hampton,Virginia,8416,2020-08-05 18:30:00
51700,Newport News,Virginia,10274,2020-08-05 18:30:00
51710,Norfolk,Virginia,1720,2020-08-05 18:30:00
51735,Poquoson,Virginia,341,2020-08-05 18:30:00
51740,Portsmouth,Virginia,6661,2020-08-05 18:30:00
51800,Suffolk,Virginia,3886,2020-08-05 18:30:00
51810,Virginia Beach,Virginia,9012,2020-08-05 18:30:00
51550,Chesapeake,Virginia,4774,2020-08-05 18:45:00
51650,Hampton,Virginia,8393,2020-08-05 18:45:00
51700,Newport News,Virginia,10187,2020-08-05 18:45:00
51710,Norfolk,Virginia,1626,2020-08-05 18:45:00
51735,Poquoson,Virginia,333,2020-08-05 18:45:00
51740,Portsmouth,Virginia,6484,2020-08-05 18:45:00
51800,Suffolk,Virginia,3905,2020-08-05 18:45:00
51810,Virginia Beach,Virginia,8326,2020-08-05 18:45:00
51550,Chesapeake,Virginia,4705,2020-08-05 19:00:00
51650,Hampton,Virginia,7855,2020-08-05 19:00:00
51700,Newport News,Virginia,9695,2020-08-05 19:00:00
51710,Norfolk,Virginia,1640,2020-08-05 19:00:00
51735,Poquoson,Virginia,333,2020-08-05 19:00:00
51740,Portsmouth,Virginia,6426,2020-08-05 19:00:00
51800,Suffolk,Virginia,3894,2020-08-05 19:00:00
51810,Virginia Beach,Virginia,8138,2020-08-05 19:00:00
51550,Chesapeake,Virginia,5772,2020-08-05 19:15:00
51650,Hampton,Virginia,7755,2020-08-05 19:15:00
51700,Newport News,Virginia,9672,2020-08-05 19:15:00
51710,Norfolk,Virginia,1577,2020-08-05 19:15:00
51735,Poquoson,Virginia,333,2020-08-05 19:15:00
51740,Portsmouth,Virginia,6581,2020-08-05 19:15:00
51800,Suffolk,Virginia,2803,2020-08-05 19:15:00
51810,Virginia Beach,Virginia,8960,2020-08-05 19:15:00
51550,Chesapeake,Virginia,5418,2020-08-05 19:30:00
51650,Hampton,Virginia,7733,2020-08-05 19:30:00
51700,Newport News,Virginia,9528,2020-08-05 19:30:00
51710,Norfolk,Virginia,1568,2020-08-05 19:30:00
51735,Poquoson,Virginia,249,2020-08-05 19:30:00
51740,Portsmouth,Virginia,6656,2020-08-05 19:30:00
51800,Suffolk,Virginia,3396,2020-08-05 19:30:00
51810,Virginia Beach,Virginia,8898,2020-08-05 19:30:00
51550,Chesapeake,Virginia,4128,2020-08-05 19:45:00
51650,Hampton,Virginia,6073,2020-08-05 19:45:00
51700,Newport News,Virginia,9513,2020-08-05 19:45:00
51710,Norfolk,Virginia,1477,2020-08-05 19:45:00
51735,Poquoson,Virginia,333,2020-08-05 19:45:00
51740,Portsmouth,Virginia,6573,2020-08-05 19:45:00
51800,Suffolk,Virginia,2801,2020-08-05 19:45:00
51810,Virginia Beach,Virginia,7928,2020-08-05 19:45:00
51550,Chesapeake,Virginia,4032,2020-08-05 20:00:00
51650,Hampton,Virginia,7741,2020-08-05 20:00:00
51700,Newport News,Virginia,9366,2020-08-05 20:00:00
51710,Norfolk,Virginia,1451,2020-08-05 20:00:00
51735,Poquoson,Virginia,307,2020-08-05 20:00:00
51740,Portsmouth,Virginia,6556,2020-08-05 20:00:00
51800,Suffolk,Virginia,2791,2020-08-05 20:00:00
51810,Virginia Beach,Virginia,7251,2020-08-05 20:00:00
51550,Chesapeake,Virginia,3953,2020-08-05 20:15:00
51650,Hampton,Virginia,5645,2020-08-05 20:15:00
51700,Newport News,Virginia,9534,2020-08-05 20:15:00
51710,Norfolk,Virginia,1438,2020-08-05 20:15:00
51735,Poquoson,Virginia,280,2020-08-05 20:15:00
51740,Portsmouth,Virginia,6563,2020-08-05 20:15:00
51800,Suffolk,Virginia,2668,2020-08-05 20:15:00
51810,Virginia Beach,Virginia,6160,2020-08-05 20:15:00
51550,Chesapeake,Virginia,3939,2020-08-05 20:30:00
51650,Hampton,Virginia,5732,2020-08-05 20:30:00
51700,Newport News,Virginia,8903,2020-08-05 20:30:00
51710,Norfolk,Virginia,1487,2020-08-05 20:30:00
51735,Poquoson,Virginia,196,2020-08-05 20:30:00
51740,Portsmouth,Virginia,6523,2020-08-05 20:30:00
51800,Suffolk,Virginia,2659,2020-08-05 20:30:00
51810,Virginia Beach,Virginia,5861,2020-08-05 20:30:00
51550,Chesapeake,Virginia,3932,2020-08-05 20:45:00
51650,Hampton,Virginia,6080,2020-08-05 20:45:00
51700,Newport News,Virginia,9135,2020-08-05 20:45:00
51710,Norfolk,Virginia,1257,2020-08-05 20:45:00
51735,Poquoson,Virginia,198,2020-08-05 20:45:00
51740,Portsmouth,Virginia,6183,2020-08-05 20:45:00
51800,Suffolk,Virginia,2603,2020-08-05 20:45:00
51810,Virginia Beach,Virginia,5971,2020-08-05 20:45:00
51550,Chesapeake,Virginia,3761,2020-08-05 21:00:00
51650,Hampton,Virginia,5541,2020-08-05 21:00:00
51700,Newport News,Virginia,8796,2020-08-05 21:00:00
51710,Norfolk,Virginia,1133,2020-08-05 21:00:00
51735,Poquoson,Virginia,198,2020-08-05 21:00:00
51740,Portsmouth,Virginia,6159,2020-08-05 21:00:00
51800,Suffolk,Virginia,2589,2020-08-05 21:00:00
51810,Virginia Beach,Virginia,5688,2020-08-05 21:00:00
51550,Chesapeake,Virginia,4144,2020-08-05 21:15:00
51650,Hampton,Virginia,5628,2020-08-05 21:15:00
51700,Newport News,Virginia,8788,2020-08-05 21:15:00
51710,Norfolk,Virginia,1567,2020-08-05 21:15:00
51735,Poquoson,Virginia,189,2020-08-05 21:15:00
51740,Portsmouth,Virginia,6169,2020-08-05 21:15:00
51800,Suffolk,Virginia,2611,2020-08-05 21:15:00
51810,Virginia Beach,Virginia,5452,2020-08-05 21:15:00
51550,Chesapeake,Virginia,4099,2020-08-05 21:30:00
51650,Hampton,Virginia,5289,2020-08-05 21:30:00
51700,Newport News,Virginia,8886,2020-08-05 21:30:00
51710,Norfolk,Virginia,733,2020-08-05 21:30:00
51735,Poquoson,Virginia,190,2020-08-05 21:30:00
51740,Portsmouth,Virginia,6103,2020-08-05 21:30:00
51800,Suffolk,Virginia,2629,2020-08-05 21:30:00
51810,Virginia Beach,Virginia,5565,2020-08-05 21:30:00
51550,Chesapeake,Virginia,4207,2020-08-05 21:45:00
51650,Hampton,Virginia,5256,2020-08-05 21:45:00
51700,Newport News,Virginia,8863,2020-08-05 21:45:00
51710,Norfolk,Virginia,600,2020-08-05 21:45:00
51735,Poquoson,Virginia,64,2020-08-05 21:45:00
51740,Portsmouth,Virginia,6100,2020-08-05 21:45:00
51800,Suffolk,Virginia,2603,2020-08-05 21:45:00
51810,Virginia Beach,Virginia,5035,2020-08-05 21:45:00
51550,Chesapeake,Virginia,5101,2020-08-05 22:00:00
51650,Hampton,Virginia,5258,2020-08-05 22:00:00
51700,Newport News,Virginia,8205,2020-08-05 22:00:00
51710,Norfolk,Virginia,591,2020-08-05 22:00:00
51735,Poquoson,Virginia,64,2020-08-05 22:00:00
51740,Portsmouth,Virginia,5958,2020-08-05 22:00:00
51800,Suffolk,Virginia,2591,2020-08-05 22:00:00
51810,Virginia Beach,Virginia,5093,2020-08-05 22:00:00
51550,Chesapeake,Virginia,5048,2020-08-05 22:15:00
51650,Hampton,Virginia,5259,2020-08-05 22:15:00
51700,Newport News,Virginia,8259,2020-08-05 22:15:00
51710,Norfolk,Virginia,601,2020-08-05 22:15:00
51735,Poquoson,Virginia,64,2020-08-05 22:15:00
51740,Portsmouth,Virginia,5953,2020-08-05 22:15:00
51800,Suffolk,Virginia,2564,2020-08-05 22:15:00
51810,Virginia Beach,Virginia,4201,2020-08-05 22:15:00
51550,Chesapeake,Virginia,4056,2020-08-05 22:30:00
51650,Hampton,Virginia,4956,2020-08-05 22:30:00
51700,Newport News,Virginia,8151,2020-08-05 22:30:00
51710,Norfolk,Virginia,582,2020-08-05 22:30:00
51735,Poquoson,Virginia,64,2020-08-05 22:30:00
51740,Portsmouth,Virginia,5205,2020-08-05 22:30:00
51800,Suffolk,Virginia,2379,2020-08-05 22:30:00
51810,Virginia Beach,Virginia,4430,2020-08-05 22:30:00
51550,Chesapeake,Virginia,3511,2020-08-05 22:45:00
51650,Hampton,Virginia,5979,2020-08-05 22:45:00
51700,Newport News,Virginia,8294,2020-08-05 22:45:00
51710,Norfolk,Virginia,559,2020-08-05 22:45:00
51735,Poquoson,Virginia,65,2020-08-05 22:45:00
51740,Portsmouth,Virginia,5372,2020-08-05 22:45:00
51800,Suffolk,Virginia,2359,2020-08-05 22:45:00
51810,Virginia Beach,Virginia,4702,2020-08-05 22:45:00
51550,Chesapeake,Virginia,3471,2020-08-05 23:00:00
51650,Hampton,Virginia,5859,2020-08-05 23:00:00
51700,Newport News,Virginia,7288,2020-08-05 23:00:00
51710,Norfolk,Virginia,512,2020-08-05 23:00:00
51735,Poquoson,Virginia,64,2020-08-05 23:00:00
51740,Portsmouth,Virginia,4751,2020-08-05 23:00:00
51800,Suffolk,Virginia,2381,2020-08-05 23:00:00
51810,Virginia Beach,Virginia,4681,2020-08-05 23:00:00
51550,Chesapeake,Virginia,3387,2020-08-05 23:15:00
51650,Hampton,Virginia,4965,2020-08-05 23:15:00
51700,Newport News,Virginia,7033,2020-08-05 23:15:00
51710,Norfolk,Virginia,512,2020-08-05 23:15:00
51735,Poquoson,Virginia,64,2020-08-05 23:15:00
51740,Portsmouth,Virginia,4574,2020-08-05 23:15:00
51800,Suffolk,Virginia,2333,2020-08-05 23:15:00
51810,Virginia Beach,Virginia,4231,2020-08-05 23:15:00
51550,Chesapeake,Virginia,2582,2020-08-05 23:30:00
51650,Hampton,Virginia,4936,2020-08-05 23:30:00
51700,Newport News,Virginia,6986,2020-08-05 23:30:00
51710,Norfolk,Virginia,485,2020-08-05 23:30:00
51735,Poquoson,Virginia,64,2020-08-05 23:30:00
51740,Portsmouth,Virginia,3676,2020-08-05 23:30:00
51800,Suffolk,Virginia,2309,2020-08-05 23:30:00
51810,Virginia Beach,Virginia,4132,2020-08-05 23:30:00
51550,Chesapeake,Virginia,3005,2020-08-05 23:45:00
51650,Hampton,Virginia,4858,2020-08-05 23:45:00
51700,Newport News,Virginia,6823,2020-08-05 23:45:00
51710,Norfolk,Virginia,480,2020-08-05 23:45:00
51735,Poquoson,Virginia,64,2020-08-05 23:45:00
51740,Portsmouth,Virginia,3893,2020-08-05 23:45:00
51800,Suffolk,Virginia,2387,2020-08-05 23:45:00
51810,Virginia Beach,Virginia,3802,2020-08-05 23:45:00
